barcode	x	y
Sample_BCG_h2#ACTTACTTCATGCTCC-1	6.3115635	5.51387
Sample_BCG_h4#AATCGCCCATAACGGG-1	4.050367	5.528606
Sample_BCG_h4#AAGACAAGTGGTTAGC-1	4.801828	5.764329
BCG_PBMC_PIE_Post_1#TAGTCAATCGTTAAGC-1	-5.3095436	3.074486
Sample_BCG_h4#AAGAATCAGGAGTCGG-1	2.1064231	4.178682
Sample_BCG_h4#GCTCGATCATTAAGCT-1	6.793684	5.866236
BCG_PBMC_PIE_Post_1#GCATGAAAGGCATGTT-1	-2.6481192	1.3618779
BCG_PBMC_PIE_Post_1#TTCCCACAGGCGCATC-1	-0.7448417	2.5423973
Sample_BCG_h2#CGAGGCAAGCAAGGTA-1	-4.3326454	2.939104
BCG_PBMC_PIE_Pre#CAATAGCTCACGCCAA-1	-1.5213984	2.0318577
Sample_BCG_h4#CACTAAGGTGCCGCAA-1	4.3598533	6.32631
BCG_PBMC_PIE_Post_2#ATCCACCTCGTCATTT-1	-5.1228123	4.5050297
Sample_BCG_h4#GGTCCTGCAACAACAA-1	5.594015	5.1658335
BCG_PBMC_PIE_Pre#AGGTGAATCGATTATG-1	6.325456	6.422343
BCG_PBMC_PIE_Post_1#TCTTTGTAGGAACGCG-1	0.0915162	3.1258466
BCG_PBMC_PIE_Post_1#CCGACAGGTGAGCACT-1	-5.9073467	4.5654902
BCG_PBMC_PIE_Pre#GAGGCTTGTCCTTCTC-1	0.71656203	2.5445004
Sample_BCG_h4#AGTCCTTGTGACATAT-1	4.949619	4.4373903
Sample_BCG_h1#TTATTGCTCGAGCTAT-1	-0.15326825	0.34515983
BCG_PBMC_PIE_Post_1#GCAAACTTCGCGCTAA-1	-6.0243487	3.6031802
Sample_BCG_h4#GCACTAAGTTGTGATG-1	5.212234	5.306767
Sample_BCG_h4#GTTTCCTCACGTTACA-1	-2.149736	2.3122022
Sample_BCG_h2#CCTATAGCATAATGAG-1	-1.6928992	0.8693238
Sample_BCG_h4#ACTTTGTTCCTGCGAA-1	-0.9067927	0.7806258
Sample_BCG_h4#GTATGTGGTTCCGCAC-1	-2.8061826	2.8848898
Sample_BCG_h4#GTGCAAGCACAGAAAC-1	5.582331	5.2751613
Sample_BCG_h4#CCCGCTTCACATGCTA-1	-1.2469348	-0.0527021
BCG_PBMC_PIE_Post_1#AGATGCTTCGCTCCAT-1	-6.4437437	3.901971
Sample_BCG_h4#TCTTGTCCACTAAGTT-1	5.3599353	4.0378814
Sample_BCG_h1#AGGTCATTCAAGTGAG-1	-0.69231135	0.8831697
BCG_PBMC_PIE_Pre#TGATGAACATCAGCAC-1	-4.1048155	2.4801815
BCG_PBMC_PIE_Pre#GCCAGGTTCGCTATGG-1	1.0117472	0.82937497
Sample_BCG_h4#TCCTGTTCACCTAAGC-1	0.10147806	5.3634467
BCG_PBMC_PIE_Post_2#TTATGACCACCTGTAA-1	0.44036552	2.235775
Sample_BCG_h2#TCTTCAAGTTTAAAGC-1	-4.501668	1.4345262
BCG_PBMC_PIE_Post_1#GGTCTTTGTGTTAAAC-1	-2.7698753	-0.41068745
BCG_PBMC_PIE_Pre#TTCGTGCTCATGCAAC-1	-3.0802329	0.85871637
BCG_PBMC_PIE_Post_2#GCCAATTAGTTGGGCC-1	4.738378	6.9512877
Sample_BCG_h2#TGAAGTGAGGTGCTGC-1	5.3009577	5.9720883
Sample_BCG_h4#CTACCTCAGGCTGTCA-1	0.2979068	1.2055988
Sample_BCG_h1#GCTAAGTTCCTGGTCT-1	-3.3024778	0.5140655
BCG_PBMC_PIE_Pre#GGGAGTAGTATCTGGA-1	-3.3014114	1.679794
Sample_BCG_h4#CACCTGTTCAAGACTC-1	5.5456634	5.701367
BCG_PBMC_PIE_Post_1#CCCAAACCACTTCATC-1	-2.6121101	-0.4932858
Sample_BCG_h1#GAGAACCAGTTTCCGC-1	0.8752408	1.1703836
Sample_BCG_h1#GAGCTAGCATAATCGT-1	-5.1932616	2.9981816
BCG_PBMC_PIE_Post_1#AACGCCCAGATGGACA-1	-6.045124	3.0994976
Sample_BCG_h2#TGCTTAAAGGTTTGCG-1	-4.402962	3.2587779
BCG_PBMC_PIE_Post_1#CGCTCAGCAACTAGAA-1	-3.0111642	-0.3065066
BCG_post_PBMC#TGGTGATTCTTGGACG-1	-5.598712	2.9784348
Sample_BCG_h2#TGAGGCACAATATAGG-1	-3.6610663	2.536479
BCG_PBMC_PIE_Pre#CCTAATCGTAACCACA-1	-5.0853024	6.5198994
BCG_PBMC_PIE_Post_1#CGTTAACAGTAAACCC-1	5.6783385	7.41095
Sample_BCG_h2#CTAGCTTGTGGTGAGA-1	1.257453	2.773801
Sample_BCG_h4#CATCCTCAGCCTAATA-1	5.8437805	4.9527206
Sample_BCG_h2#TTCATTCAGTGTTGCG-1	4.8764873	3.991764
Sample_BCG_h1#CCAAGTTAGCATTATG-1	-0.1709823	1.8829412
Sample_BCG_h2#GTGCTCCGTGCGCGTA-1	-4.436936	3.2246408
BCG_PBMC_PIE_Post_2#ACGCAAGCATGTTGCA-1	-0.5530849	-0.17379476
Sample_BCG_h4#CTGTGTGAGTGAACCT-1	3.7284038	5.1035385
Sample_BCG_h4#GGCCTCTGTGGAGCAA-1	-4.7293406	7.245323
BCG_PBMC_PIE_Post_1#GATGGACAGCCATCAG-1	-1.9867634	3.5967636
Sample_BCG_h4#CAAGGTAAGGAGTAAT-1	-2.1414292	1.1749004
BCG_PBMC_PIE_Post_1#GGGCATGAGGCCTTAG-1	0.17449673	0.14777347
Sample_BCG_h3#CCGCACACAAGGTCGA-1	4.520725	6.2632885
BCG_PBMC_PIE_Post_1#ACTTAGGGTAGCCATA-1	4.960645	7.5222564
BCG_PBMC_PIE_Post_1#AAAGGAGCAGCATGTC-1	-1.6752824	4.064092
Sample_BCG_h4#GCGATATTCCTTGAGG-1	-6.548144	4.233559
BCG_PBMC_PIE_Post_2#GGAGCATAGTAAGTGG-1	5.5082912	7.393347
Sample_BCG_h4#GTCCAAGTCTAAGTCA-1	4.9626393	5.839716
Sample_BCG_h2#GTGAGGAGTTAGCGTA-1	-3.1467342	3.4388058
Sample_BCG_h3#CATAGCTAGGCGAAAC-1	-0.40356782	5.59182
Sample_BCG_h2#AAGACCAAGTAACGGA-1	-1.1152867	1.5989174
BCG_PBMC_PIE_Pre#GTCAATATCGAGGTGG-1	-2.3870454	0.4498476
Sample_BCG_h4#GGACCGAAGGCCTGGT-1	-2.228262	1.8277533
BCG_PBMC_PIE_Pre#TATTACCTCCTCAGTC-1	-5.348634	1.7154549
Sample_BCG_h4#GGATAACCATTCCTGT-1	-3.1634538	1.2585136
Sample_BCG_h2#CGATTCCTCGCAGGCT-1	0.69730854	2.010356
Sample_BCG_h2#ATCGCCCGTTGTCATC-1	-2.068303	1.6900568
Sample_BCG_h4#ACTAGGCGTCCACAAA-1	1.1779372	5.625098
BCG_PBMC_PIE_Post_2#GATTGTTCACCAGGTT-1	-3.2259755	0.6111911
Sample_BCG_h4#AGTAATCGTTCACCAT-1	-2.55833	0.4312299
Sample_BCG_h4#GTGCGCAGTTCAAGAT-1	-5.890963	4.093821
BCG_PBMC_PIE_Post_2#GCAAACCGTAAGGTTT-1	-5.8999224	4.8591213
BCG_PBMC_PIE_Pre#AAGCATGAGTAACAGG-1	-2.3938296	-0.061255183
Sample_BCG_h1#TCCTGTTCAGGCCTTG-1	-4.6128964	3.2339826
Sample_BCG_h4#GCTTCGCGTGTTTCAC-1	-3.1935418	0.9821732
BCG_PBMC_PIE_Post_2#GAGTCAAAGGCTACTG-1	-5.560377	2.1444714
Sample_BCG_h4#TCGCATTGTTTACCGT-1	-4.111045	2.3697603
BCG_PBMC_PIE_Post_1#CCCTCATAGGAAGTAT-1	-4.23207	1.3832444
Sample_BCG_h4#AACAGCAAGGCATGTT-1	4.315092	5.9528155
Sample_BCG_h2#CCCAAACCATTAAACC-1	-3.3432033	2.947039
Sample_BCG_h4#GTGTGTTAGCAACATC-1	4.573691	5.3254623
Sample_BCG_h4#CGCCTGTGTTTGAGCA-1	-3.9966128	1.9666772
Sample_BCG_h2#CCGTTGCGTGCACGCA-1	-4.10679	3.32749
Sample_BCG_h4#CGTTGCGCAGGACACA-1	5.422711	4.7668977
Sample_BCG_h4#GGCTATTAGAGGAGGA-1	-2.1331463	3.1385167
BCG_PBMC_PIE_Post_2#TGAGGGCCAGCACGTT-1	-6.537387	3.506976
Sample_BCG_h4#CGGATTAGTCGTAATG-1	-1.2253399	3.398339
BCG_PBMC_PIE_Post_1#GCTAATATCAAGTGAG-1	6.056881	7.2770934
BCG_PBMC_PIE_Post_1#CAGCCAATCTTGAGGT-1	-3.9172828	3.4732914
BCG_PBMC_PIE_Pre#TAAAGCCTCTAATCTC-1	1.4467181	4.3076477
Sample_BCG_h4#GGTTACCCACGTTACA-1	-3.5390978	1.7686155
BCG_PBMC_PIE_Post_1#ACATCATCAGGTATTT-1	-4.1108575	2.1578538
Sample_BCG_h4#CTTTCTTGTAACCTAG-1	-3.2930593	2.3963945
Sample_BCG_h2#TACAGCTAGTATTGGC-1	4.146275	6.8016367
BCG_PBMC_PIE_Pre#ACGTACCCAAGCGATG-1	-3.8376186	2.8954718
Sample_BCG_h4#AGGTTACTCCACAATA-1	0.4730891	1.4091052
BCG_PBMC_PIE_Post_2#CTAGATTCAAACCCTA-1	-4.7274623	6.4857006
Sample_BCG_h2#CCAACATAGCGCATTG-1	-1.0283974	1.9759444
Sample_BCG_h2#AGGCAGGTCTGGCATG-1	-4.1903777	1.6145709
Sample_BCG_h4#GAAGTGATCCACAATA-1	0.10562982	2.1917918
Sample_BCG_h2#GGAACGGTCGAGCTAT-1	-4.6467814	7.118915
BCG_PBMC_PIE_Post_2#TTGTCCCAGCCTGTGA-1	-0.28313768	2.5401738
Sample_BCG_h4#ATCGGCCAGATGGAGC-1	-2.7385697	1.7037848
Sample_BCG_h4#AGTGAACCAGGTTAAA-1	-0.100220345	0.66450423
Sample_BCG_h4#GCTGCATCATCGCTCC-1	-2.0177162	0.77612984
Sample_BCG_h1#ATTAGCTCAAGACTCC-1	6.169742	6.1606693
Sample_BCG_h3#CTGGACCAGTGGACAA-1	-0.01246377	5.405239
BCG_PBMC_PIE_Post_1#TCTTTGTAGCTATATG-1	-4.9869256	0.9141363
BCG_PBMC_PIE_Pre#CTCCATCAGGAGTCGG-1	-4.596365	2.39586
BCG_PBMC_PIE_Pre#CTCGCTCCATGGCCCA-1	0.24251963	2.0902495
Sample_BCG_h4#CAAACGCGTTAATGAC-1	5.208067	4.4794803
BCG_post_PBMC#ATCACTAAGACTTACA-1	-2.5711832	0.44519347
BCG_PBMC_PIE_Post_2#CGAATATGTTTGCTGT-1	6.08858	6.465277
BCG_PBMC_PIE_Post_2#GGTACTAGTGGTTCTT-1	-4.231978	0.17781268
Sample_BCG_h4#CTTTGTCCAATGCCTA-1	5.0195003	6.7273574
Sample_BCG_h4#AAAGGCTCAACCTGGT-1	4.1942954	5.076769
Sample_BCG_h1#GCGGGTTTCTTAGGAC-1	-2.3731072	2.0299964
BCG_PBMC_PIE_Post_2#TTATAGCCACCTGCTC-1	5.0297956	6.9397783
Sample_BCG_h2#TAAGCTATCTAACTGA-1	-1.7549728	3.8375776
Sample_BCG_h4#ACTCAGTAGTGGCGGA-1	0.08283484	2.7826848
BCG_PBMC_PIE_Post_2#TGGCGGTTCATGCTTT-1	-4.5199018	0.2874378
Sample_BCG_h4#TGGCCTGCAACCTAAT-1	-3.4752402	3.3713765
BCG_PBMC_PIE_Post_1#AAGCTAGAGGCTAAGA-1	-3.8135583	-0.19169986
Sample_BCG_h2#CATTGCGAGGCATGAA-1	5.1094127	5.948166
Sample_BCG_h4#CGAAGAATCCTGAGTG-1	4.7618713	4.4631147
Sample_BCG_h2#CGGTAACGTACCAGGT-1	-1.251795	3.3175561
BCG_PBMC_PIE_Post_2#GTTAACGGTCGTTATC-1	-2.7300053	0.4759318
BCG_PBMC_PIE_Post_1#GGTTTGTAGTCATTTC-1	-2.259472	0.5523815
BCG_PBMC_PIE_Post_2#GTATTGTCAGGTTTGC-1	-5.5861425	2.3423622
Sample_BCG_h4#GGGTCACTCCGGTTGA-1	4.9077964	6.225295
BCG_PBMC_PIE_Post_2#AAGCTCCCAGTATGTT-1	-5.2070055	4.634169
Sample_BCG_h3#TATTAGCCAGGATTAA-1	-1.8345385	2.6514225
Sample_BCG_h1#TTTGGTAAGCGGGCAA-1	-0.4254213	3.5703597
Sample_BCG_h2#CGATTTGCATGTCAGC-1	-2.5720127	0.89698154
Sample_BCG_h4#TATCCGGAGTATTGTG-1	-2.0766122	1.0958798
Sample_BCG_h2#ACAGGATCACTCAACA-1	-2.1094131	3.203007
BCG_PBMC_PIE_Post_1#CGCTTGCGTTCAAGCA-1	-5.0813017	2.1816912
Sample_BCG_h3#GCTGTGCAGGAAACTG-1	-0.24726203	3.9051387
BCG_PBMC_PIE_Post_1#ATTCCTAGTAATCGTG-1	-0.106809676	5.22976
BCG_PBMC_PIE_Post_2#ATACCTGCAATAGCAA-1	-6.580463	4.351577
Sample_BCG_h4#ACTTACAAGGTGTCCA-1	1.7157774	5.9561715
BCG_PBMC_PIE_Post_2#CAACAGGCATACCCGG-1	-4.900208	1.3965449
BCG_PBMC_PIE_Post_1#TCCGGAATCATCAGTA-1	4.921377	6.4816575
Sample_BCG_h4#ATCCATAAGTCAATTG-1	5.100834	5.2285666
BCG_PBMC_PIE_Post_1#TTCGCAACAAATTGCT-1	-0.9006933	-0.5891368
Sample_BCG_h2#TCCATAAAGCCGGTAC-1	-0.8681102	1.349215
Sample_BCG_h4#TACGGTTAGGCCTTAG-1	0.30277598	0.9948032
BCG_PBMC_PIE_Post_1#TGATTAGTCACGCCAA-1	-1.2949915	1.9283651
Sample_BCG_h4#TTCAGTTTCTACCTGC-1	0.35080907	1.4848073
Sample_BCG_h4#CTAGCGGGTTGGTTCT-1	0.34372488	1.1582358
BCG_PBMC_PIE_Pre#TGTCAATCACAAAGAC-1	4.2156734	6.9146595
BCG_PBMC_PIE_Post_1#TTGCTTTAGCCTAACG-1	-3.7776856	0.0936109
Sample_BCG_h3#AGAACAAGTTGTCCAT-1	-3.8795676	4.118771
BCG_PBMC_PIE_Pre#CAAGTTATCTTGAGCG-1	5.767216	6.9046526
BCG_PBMC_PIE_Pre#TAGGTTATCGTAACGT-1	-1.2111269	-0.85915536
Sample_BCG_h2#TTGTCCCAGCCTAATA-1	-0.24949452	2.390599
Sample_BCG_h2#TATGGCCCAAGGCCAA-1	-3.91299	3.7446535
BCG_PBMC_PIE_Post_1#CTGACATAGTCACCAG-1	-5.619662	2.713866
Sample_BCG_h4#GATCAGGCAGCTTAGC-1	1.4330038	5.73804
Sample_BCG_h2#AAGACAAGTTGACTTC-1	-4.3068023	2.178005
BCG_PBMC_PIE_Pre#TCACCTGGTTACATCC-1	1.2749225	4.1972094
Sample_BCG_h1#TCATGCCTCCAGGTCA-1	5.257335	7.1339564
Sample_BCG_h2#CCAACATAGCCGCAGT-1	3.966493	6.4967895
BCG_PBMC_PIE_Pre#CAAGTAACAGCACGTT-1	-1.7546145	1.4474359
BCG_PBMC_PIE_Pre#CCATAATCAAACTGTT-1	-4.788815	3.9540422
Sample_BCG_h4#AAGGATTAGAAAGGAA-1	4.93035	5.23822
BCG_PBMC_PIE_Post_1#GCGGTTATCCTTCAAT-1	-1.8247504	4.1567926
BCG_PBMC_PIE_Post_2#TTGGTGAGTAATCACG-1	2.3190777	3.2382138
BCG_PBMC_PIE_Post_2#TTCCTTCTCCACCTTA-1	-0.20521168	5.651278
Sample_BCG_h4#CAATCGCCAGGCTGTT-1	1.501776	2.23542
BCG_PBMC_PIE_Pre#GATTCAATCCCTGACT-1	6.555493	6.3124347
Sample_BCG_h1#AGCCTCCGTATTCGTC-1	-1.6336721	0.38601154
Sample_BCG_h2#CTTGTTTAGGAACCAA-1	-2.6427817	2.8838627
Sample_BCG_h1#TTCGGTACACATACTG-1	1.6474347	4.097584
Sample_BCG_h2#CTAACCCTCCTGCGAA-1	-2.1010628	0.60381943
Sample_BCG_h4#CCCTCATAGTAAGTCC-1	0.07282042	5.3862805
Sample_BCG_h4#GCAAACCGTGTGAGGA-1	1.6677061	5.836394
BCG_PBMC_PIE_Pre#TTGTCCGGTTATGTGG-1	-0.8742293	-0.47080833
BCG_PBMC_PIE_Pre#CCTAATCGTCATCAAG-1	-3.417646	2.1572378
Sample_BCG_h2#TAGTAACGTTACGCAA-1	-3.6933918	3.3901088
Sample_BCG_h2#ACCCGTAAGGGCCACT-1	6.1114593	6.240526
Sample_BCG_h4#CTGACATAGGCTGTGC-1	6.0643997	5.970723
BCG_PBMC_PIE_Post_1#TCCTTGCAGGCGCACT-1	5.242614	7.4440503
Sample_BCG_h4#AGTTGGCGTCTAACAG-1	4.8759866	5.624174
Sample_BCG_h2#AAGAACAGTATACTGG-1	0.6462982	3.5329561
Sample_BCG_h2#GTTGGAGCACAATGTT-1	-1.5483652	0.86506784
BCG_PBMC_PIE_Post_1#ACCGAAGCAGTTGCGT-1	4.986099	7.2108426
Sample_BCG_h2#TGCTCAACAACCTGGT-1	-0.7193409	1.5284219
Sample_BCG_h4#GGATTGCGTTTAGCTC-1	0.93425214	1.8455756
Sample_BCG_h2#GTATCGCCAGGGAGGA-1	1.4088516	2.1347835
Sample_BCG_h4#ACTAATCCATAATCAC-1	-5.5927887	4.796196
BCG_PBMC_PIE_Pre#GATCAGTTCACACAGT-1	-2.5499609	3.9491758
Sample_BCG_h2#TAGTACGGTGAGCACT-1	-0.083834104	2.055279
Sample_BCG_h2#CCAGGAACAGCACGTT-1	-0.2695651	1.5341458
Sample_BCG_h2#TAGCCTTGTATTTGGG-1	6.466822	6.22699
Sample_BCG_h3#GTACCTTGTACGGGTT-1	-0.8881706	0.78266466
BCG_PBMC_PIE_Pre#CGCTTCTAGCTCCCTG-1	-1.562428	-0.7056516
BCG_PBMC_PIE_Pre#AGCTACTAGGCAGGTG-1	-2.5546079	2.9689775
BCG_PBMC_PIE_Post_1#TCCTTAGTCGCATTAA-1	0.21948946	2.0821354
Sample_BCG_h4#TACCCGGCAGTACCGT-1	6.348068	6.6709757
BCG_PBMC_PIE_Pre#ACGCAAGCAAACTAAG-1	-5.036262	3.3454268
BCG_PBMC_PIE_Pre#AATCCATCATGTCAAT-1	-5.031236	3.7325928
Sample_BCG_h2#GTAGCTGTCCCGTTGT-1	-0.018745711	1.556972
Sample_BCG_h2#CTGTGTGAGCGCTCAA-1	6.317486	5.5388913
Sample_BCG_h4#AGCCGGTTCAAGCGCC-1	5.193263	6.118246
Sample_BCG_h2#ATCACCCTCACGCATG-1	0.3982215	2.9794133
Sample_BCG_h2#GTCAAACTCCTCAGCT-1	-1.2681323	2.2451684
Sample_BCG_h1#GGTAATTGTGGTTATG-1	-4.118715	1.4674901
Sample_BCG_h2#GGACGGATCACAGCGC-1	0.074033305	1.9071368
Sample_BCG_h2#ACACAATGTAGCCTCC-1	0.6911371	1.4465836
Sample_BCG_h4#AGAGAAGCACCTACGG-1	-0.42223856	0.62546027
Sample_BCG_h4#GTAGGATCATTGTGCA-1	-3.83672	1.9408026
BCG_PBMC_PIE_Post_2#CAATCTAAGAGGAGGA-1	4.577544	5.4792867
Sample_BCG_h3#CCGCTTAGTTTGGCGG-1	-3.9541264	4.903594
Sample_BCG_h4#GATCAGGCAACTAGCC-1	6.5778227	5.2372046
Sample_BCG_h1#TCCACAACAGGCATCT-1	6.1234646	5.4716177
BCG_PBMC_PIE_Post_2#CCTTCAGGTTACGCAA-1	-3.3777764	-0.45107245
Sample_BCG_h1#TTGTGTGCATAGACTT-1	-4.847345	5.403934
BCG_PBMC_PIE_Pre#GTATCGCCATTGTGCA-1	-3.714603	3.457349
BCG_PBMC_PIE_Pre#CTAAGGTTCGTTTCCA-1	-4.287055	3.5000968
BCG_PBMC_PIE_Post_1#GCTATTGCATAGACCC-1	4.957078	6.560161
Sample_BCG_h1#AGTTACATCATGGCCA-1	-4.0201225	1.2271683
Sample_BCG_h4#GGGTTATTCCGCAAGC-1	6.1334424	4.844032
Sample_BCG_h4#ATACCTGCAAACCTAT-1	0.4289959	2.8260026
Sample_BCG_h4#CTAAATGTCGCTTCTA-1	0.56241274	5.0094714
BCG_PBMC_PIE_Post_1#GTCTAACAGGCGCATC-1	-0.9966248	2.278028
Sample_BCG_h4#CAATGACTCCGCCAAA-1	-3.255679	1.976865
BCG_post_PBMC#CGAGGAAGTAAAGCAA-1	-4.7464533	6.4546432
Sample_BCG_h3#GCGGATACAAATATCC-1	-4.4259443	3.574702
Sample_BCG_h1#TGCGCAGGTGTTTCAC-1	-6.116587	5.1696444
Sample_BCG_h4#ATATGCATCGTTACAA-1	5.4648056	3.8946111
Sample_BCG_h4#GCTATAGGTAACGAGG-1	-2.8391802	3.222038
Sample_BCG_h2#GATTGCGTCTCCTCTT-1	-2.6893492	2.4186244
Sample_BCG_h4#GTTACCTGTAGCAGCT-1	-3.1229038	1.3975251
BCG_PBMC_PIE_Post_1#ATGCAGGCAGCACGTT-1	-2.2596064	-0.13793445
BCG_PBMC_PIE_Post_1#TTCAGTTTCTCGCCCA-1	-3.5007253	0.32035097
BCG_PBMC_PIE_Post_2#CGTCATTGTTACAACG-1	-0.66733027	3.6066658
BCG_PBMC_PIE_Post_2#AAACCAACAACTGGGA-1	-5.161311	1.0697898
BCG_PBMC_PIE_Pre#GATGCAGCACTGGCCA-1	0.9235333	2.535756
Sample_BCG_h4#GGCTAGACATGTTGGC-1	-2.510785	1.473704
Sample_BCG_h4#GTCATCACACCTGGTG-1	5.2926974	5.005119
Sample_BCG_h4#AAATGGCCAACTAACT-1	6.250997	5.840706
Sample_BCG_h4#TCCATATTCGCAACAT-1	-3.3863158	1.2997438
Sample_BCG_h4#TGCAGGCTCGCAGGCT-1	-0.22033986	1.6471384
Sample_BCG_h4#AGTGAGTCAGGCTACT-1	-0.3068224	1.3641292
BCG_PBMC_PIE_Post_2#GGTTATATCGGTTAGT-1	5.979398	7.749608
BCG_PBMC_PIE_Post_1#GCAATAGAGTAAACCC-1	6.6370683	6.22314
Sample_BCG_h4#GAGCCACTCATTGACA-1	5.118903	5.5272155
Sample_BCG_h2#AAGCTCCCAAGCCAGA-1	-0.8827298	1.0262551
Sample_BCG_h1#GGAGCATAGTGTTGCG-1	-4.5725975	3.2903466
BCG_PBMC_PIE_Post_1#GCTGTACCAATCTCTC-1	4.847737	7.387992
BCG_PBMC_PIE_Post_2#TCCATTGTCCTGATGG-1	-0.9227104	2.3163786
Sample_BCG_h4#GTCAAACTCGCTATAA-1	5.677594	4.3939524
Sample_BCG_h2#CTACTTAGTATTGTGG-1	-3.495764	2.3602
Sample_BCG_h4#AACCTCCTCCGGTTAG-1	-0.54413164	2.1994092
Sample_BCG_h2#TGCTTGCTCAGTGAAG-1	-4.873085	2.221044
BCG_PBMC_PIE_Post_2#GGCTAGACAGTAATAG-1	4.779761	7.0627723
BCG_PBMC_PIE_Post_1#CTGCTACTCTCAATGA-1	0.67975795	0.5016345
BCG_PBMC_PIE_Post_2#GATGGCTGTTACTAGG-1	-2.8914456	-0.6417732
Sample_BCG_h2#CGAGTCGGTAAGTCGC-1	-0.97559834	0.406342
Sample_BCG_h2#TCTAATCTCATAATCG-1	5.899657	5.987213
Sample_BCG_h4#CTGCAATAGCAATAGG-1	5.5078273	5.1467104
Sample_BCG_h4#AAACCGCGTCCTAATC-1	4.445144	5.7566743
BCG_PBMC_PIE_Post_1#GCTTTGTGTATTGTCC-1	5.2853613	6.947279
BCG_PBMC_PIE_Post_1#CGGTGAACAAACCTTG-1	-4.9835973	2.4564426
Sample_BCG_h4#TTCGTGCTCCGCATGA-1	-0.6159176	1.1076157
BCG_PBMC_PIE_Pre#AACCTTGCAAGATTCT-1	-2.274537	-0.57208824
BCG_post_PBMC#TTTCCACCAATTTGGT-1	-2.3183773	1.7973628
BCG_PBMC_PIE_Pre#CTCTATGTCCTTAGGG-1	-1.8279887	0.28839752
BCG_PBMC_PIE_Post_1#GGTCTTGAGCTGGACC-1	-6.647624	4.0495105
BCG_PBMC_PIE_Post_1#GTTTGTAAGTGGACAA-1	-0.3313715	0.28616065
Sample_BCG_h4#TAGGTTATCTTGAGGT-1	5.872776	5.319514
Sample_BCG_h2#TGCTCACTCCTGGTCT-1	-5.1325045	6.863441
Sample_BCG_h2#TCTAGCACATTAAAGG-1	5.9973	4.1306677
Sample_BCG_h2#GGTCAATTCGTCAAGT-1	5.621575	6.241021
Sample_BCG_h4#CTTCACTCATTATGGT-1	-2.1319888	0.45270953
Sample_BCG_h4#AACAGGATCTCGACCT-1	0.5771968	5.3960915
Sample_BCG_h4#TACTGCACAATTAGGA-1	4.999174	4.520486
BCG_PBMC_PIE_Post_1#CACAAGCGTTGCGCGA-1	-5.240837	4.010707
Sample_BCG_h4#AGAAACTAGGTGAGAC-1	5.1987944	4.9948597
Sample_BCG_h2#CGCTGTGCAAGGTAAC-1	4.181955	5.977885
BCG_PBMC_PIE_Post_1#ACCCGCTGTCTAACAG-1	-1.7972753	3.7570386
BCG_PBMC_PIE_Post_1#GTTCACCTCTAATTGG-1	-1.3697581	-0.09056787
BCG_PBMC_PIE_Post_1#GCCTGACAGCTATATG-1	-2.5779762	3.6526322
BCG_PBMC_PIE_Pre#CTATGACAGAATCGCT-1	5.9954057	6.949599
Sample_BCG_h1#ACGAACAAGGCATTGT-1	-4.286193	5.542422
Sample_BCG_h4#AATGCATGTTTGCAGA-1	4.0228734	5.2134237
Sample_BCG_h4#AGCACTTAGTTCCCAC-1	6.533304	4.991084
Sample_BCG_h1#TAGTACGGTTGCTTCG-1	-3.0354176	3.6986716
BCG_PBMC_PIE_Post_1#GCACATTAGGTTTGCG-1	-6.610973	3.7537038
BCG_PBMC_PIE_Pre#GTACCTTGTCAAAGAA-1	-1.4981183	1.9019516
Sample_BCG_h2#AGGGCCTTCGTCATTT-1	-6.5023685	4.2204957
BCG_PBMC_PIE_Pre#GTTTCTAGTTGGATAT-1	-5.42109	5.0256014
Sample_BCG_h1#CGGACCTAGGACCAGG-1	-4.439766	1.1708186
Sample_BCG_h4#TATGGATGTCACACCC-1	-2.477052	1.5132123
BCG_PBMC_PIE_Post_1#TGGTAAACAGTCTATG-1	0.9100989	1.5090086
BCG_PBMC_PIE_Post_2#GATGACTTCCTCCATA-1	4.9120827	6.373096
BCG_PBMC_PIE_Post_1#AACAGATAGCTCATAA-1	-2.4425294	-0.2478251
Sample_BCG_h4#TGCTGGATCTATTGTC-1	3.9311228	5.7464004
Sample_BCG_h4#TCCCGGACAGGCCTTG-1	-4.1533327	6.507256
BCG_PBMC_PIE_Pre#AGAGAAGCATCACTTC-1	4.9456105	6.028313
Sample_BCG_h2#TTTCACCCACAGCCTG-1	4.7819276	6.1272407
Sample_BCG_h4#AACCTTAAGGCCATCA-1	-1.2690176	0.7003157
Sample_BCG_h2#CGCTAACCATCGTTCT-1	-1.4714952	2.1273239
Sample_BCG_h2#GGATGTAAGGCTGTCA-1	-4.768795	2.55906
BCG_PBMC_PIE_Post_2#TCAAGGTTCTAAGGTC-1	5.471929	7.338769
BCG_PBMC_PIE_Post_1#CAGGGCTTCACTAATG-1	-3.7699885	1.7749577
Sample_BCG_h3#GCAATAGAGCCTGGTA-1	-4.3383946	0.90011406
Sample_BCG_h4#TGCTCAACAGGATAAC-1	4.572456	5.621849
BCG_PBMC_PIE_Post_1#CCATTATTCGCTAAGT-1	-2.70594	1.8774419
BCG_PBMC_PIE_Post_1#AGCAAGGGTTAGTGAT-1	-2.9523132	3.926895
BCG_PBMC_PIE_Post_1#GTGGTTAGTTCCAGGG-1	-0.04088301	5.351387
Sample_BCG_h2#TGCCATTGTTAGTGAT-1	-2.9733534	2.471681
Sample_BCG_h4#GAGAGGCGTGAACAAA-1	0.88119537	1.9384518
Sample_BCG_h2#TGTTTGTTCGGTAACT-1	-5.023357	6.6541204
Sample_BCG_h4#TTTCATCAGCCGCAGT-1	4.6464834	5.315657
Sample_BCG_h1#ATTCACTTCAAGGACA-1	-0.57263285	2.1323533
BCG_PBMC_PIE_Post_2#ACGCCTAAGTTATGGC-1	-5.239845	1.769318
BCG_PBMC_PIE_Pre#TGTAATGTCCCTCGCA-1	-6.702775	3.576025
BCG_PBMC_PIE_Post_2#TTACCTGTCTTAGGAC-1	-0.5534977	2.7974124
Sample_BCG_h4#CAGGCTGGTAATGGAA-1	-5.1274815	6.690298
BCG_PBMC_PIE_Pre#TCTCCTCGTTTATCTG-1	-3.9009788	0.96452695
BCG_PBMC_PIE_Pre#TCTTGTCCAACTCGCG-1	-0.83106774	-0.5244177
Sample_BCG_h2#CATTATCTCATTTAGG-1	-4.176267	6.6395316
Sample_BCG_h4#TTTAAGGTCGGTACGC-1	6.310874	5.470849
Sample_BCG_h4#TCCAGGTCAACCTAAT-1	-2.7578757	1.4026693
BCG_PBMC_PIE_Post_1#GAAGCTAAGTTTGAGC-1	-5.048286	2.2940397
BCG_PBMC_PIE_Pre#CATAGGTTCGATTCTT-1	-0.32429516	1.7225273
BCG_PBMC_PIE_Pre#CAGAACCGTACCGTTT-1	-1.8346721	1.8630689
Sample_BCG_h4#AGAAACCCATTAAGCT-1	4.06569	5.719021
Sample_BCG_h2#GACGTAAAGCTATTGA-1	5.155998	5.8845654
Sample_BCG_h4#AGTAAACAGCCATCAG-1	4.311828	5.182552
Sample_BCG_h2#CGCAAATTCCTAATGA-1	-0.28604484	0.087607235
Sample_BCG_h2#TCCAGCAAGGCGCATC-1	-4.359369	6.2292094
Sample_BCG_h4#TCCTCACAGCTGCACA-1	5.5617366	6.024477
BCG_PBMC_PIE_Post_2#CCGCACACAGGACCAA-1	-1.9542829	-0.15177013
Sample_BCG_h2#TGACTTCGTATTGTGG-1	-2.2234223	0.029426908
Sample_BCG_h4#TAAACAGCAAAGGCCA-1	6.2048993	5.7850766
BCG_PBMC_PIE_Pre#TGCTCCGTCTTAGCCC-1	-5.388766	1.9156418
Sample_BCG_h2#GGAACTAAGGCTGGCT-1	0.9907622	3.0886827
BCG_PBMC_PIE_Post_2#GCCCGTTGTTTATCGC-1	-6.906054	3.9096563
Sample_BCG_h2#AGCAACAAGGTTTGCG-1	-4.5649986	6.9156528
BCG_PBMC_PIE_Post_1#CAATGAACACCAGCAT-1	0.08176823	3.2140841
BCG_PBMC_PIE_Post_1#TACTAAGTCATAGCCG-1	1.4247272	0.8001194
BCG_PBMC_PIE_Post_1#CTGCTACTCAATGAGG-1	5.1113453	7.0568423
Sample_BCG_h3#CGCGATTCAACTAGCC-1	-0.13174544	4.1472435
BCG_PBMC_PIE_Pre#GCCTGACAGGCTACAT-1	-2.0033433	3.807202
BCG_PBMC_PIE_Pre#TACTGGCCATTATGGT-1	-5.108475	5.883636
Sample_BCG_h1#CGCAATGTCTCAATGA-1	-0.4512236	0.5685465
Sample_BCG_h2#ATCACAATCAGCAAAG-1	3.890027	5.962946
Sample_BCG_h2#CGGTTTCTCGGTACGC-1	-3.0306787	1.8664106
BCG_PBMC_PIE_Pre#CGCAAATTCATTTGCT-1	-5.8948975	3.9943993
BCG_PBMC_PIE_Post_1#ACCGCAATCTTGACCC-1	5.178427	5.7200603
BCG_PBMC_PIE_Pre#GTCTATCGTCGACTAA-1	-4.905963	1.738278
BCG_PBMC_PIE_Pre#GGACTAAAGGGTGAGT-1	-2.8090277	0.74360853
BCG_PBMC_PIE_Post_1#GTTACCTGTACGGGTT-1	-5.5879965	1.1447248
BCG_PBMC_PIE_Pre#CTTAGGAGTTCAAGCA-1	6.873456	5.7980313
Sample_BCG_h4#TATATCCTCCTAATGA-1	-1.7474883	1.1338928
BCG_PBMC_PIE_Pre#GTTGCATAGTTAACCA-1	-2.157169	3.297317
Sample_BCG_h2#CGTAACCCAAGGTACG-1	6.5904927	4.9146857
Sample_BCG_h4#ACGTCCAAGGTCCAAT-1	-4.7396717	7.1771307
Sample_BCG_h1#GGGTGAAGTGTTTGAG-1	-4.9181285	3.604031
Sample_BCG_h2#CTGCTCCCAGGCCAAA-1	-3.5230787	2.4910867
Sample_BCG_h4#AAGGTGCAGACACTTA-1	-4.8260493	2.6954732
BCG_PBMC_PIE_Pre#GACACCGGTTCTTTAG-1	-3.5487168	0.7242524
Sample_BCG_h2#GATTCCTGTAGCCTAA-1	-2.5224748	1.0778167
BCG_PBMC_PIE_Post_2#CCTATTGTCTTAGTCT-1	-6.679211	3.915037
BCG_PBMC_PIE_Post_2#CGTTAAATCTTTGTAC-1	-3.5729945	-0.124711476
BCG_PBMC_PIE_Post_2#CTCATGACAGGCTGTT-1	-3.5315437	-0.40756673
Sample_BCG_h3#TAATCACCAAAGGCCA-1	-4.896957	0.90880466
Sample_BCG_h2#CAGGTCCAGGACTAAG-1	-2.951835	1.487871
BCG_PBMC_PIE_Post_1#CCGATGCAGAAAGCAT-1	-4.6323533	2.2514777
Sample_BCG_h2#TGTGCGCAGGCATTAC-1	1.4360365	2.5819247
BCG_PBMC_PIE_Pre#TTAGTCAAGGTACCGC-1	-5.3813424	5.040135
Sample_BCG_h2#TGCTTTAGTTAGGCGT-1	-3.9468658	4.487169
BCG_PBMC_PIE_Post_1#ACGCTTGAGTAACAGG-1	-2.0582883	4.3151336
Sample_BCG_h4#CATAACGGTTGAATCG-1	4.449709	5.8280406
Sample_BCG_h3#ATAGCATGTAGGTTAT-1	0.29302388	3.7646718
BCG_PBMC_PIE_Post_2#CGGGACAAGGTTACAC-1	-5.578078	4.243133
Sample_BCG_h2#GCTATCCTCCTAATGA-1	6.9186187	6.079335
Sample_BCG_h4#AGACTATGTTAGTTGG-1	-3.8957462	1.7919649
Sample_BCG_h2#TCACATAAGGTCGAGG-1	-5.9513	4.95463
BCG_PBMC_PIE_Post_2#GCGCCTTGTGTGCACG-1	-4.8750067	5.046409
Sample_BCG_h2#GTCCTAGAGGCGGATG-1	-4.223651	1.5050929
BCG_PBMC_PIE_Post_1#GAAGTCAAGTCACTCC-1	-0.3182167	-0.119109884
Sample_BCG_h2#CCATAATCACCTGCCT-1	-0.39191002	1.304067
BCG_PBMC_PIE_Post_1#CCTTCGTAGGTTACAC-1	6.933185	5.760397
Sample_BCG_h4#TCCTGGTTCGAGGAGT-1	-1.6001756	0.6928403
BCG_PBMC_PIE_Pre#CGCAATCCAATAAGCA-1	-2.1321163	-0.8115275
BCG_PBMC_PIE_Pre#TATAACCCAGAATGAC-1	-5.0168524	2.7648385
Sample_BCG_h4#GTCCAGGGTGAGAAAC-1	-1.9543204	1.5115519
Sample_BCG_h2#AGTAACCTCAAGCCTG-1	4.961155	4.62927
BCG_PBMC_PIE_Post_2#GTCTAATCAACTGGCT-1	1.3537009	0.49977583
Sample_BCG_h3#AGAAACTAGACAAAGT-1	0.14225553	4.47057
Sample_BCG_h2#TTTAAGCCATAATTGC-1	1.2320762	2.4867334
Sample_BCG_h2#ATGCCTGAGCTATTGA-1	-4.867877	1.8364863
BCG_PBMC_PIE_Post_1#TCCCGTTAGTAACGGA-1	5.486034	6.869654
Sample_BCG_h2#TGCTCTCAGGAAGCAC-1	-6.2976623	4.3441505
BCG_PBMC_PIE_Post_1#GGTTGGTGTGTTTGTC-1	4.97588	7.204292
Sample_BCG_h2#ATGATGACAGGCTGTT-1	-4.207375	3.7339501
BCG_PBMC_PIE_Pre#CCTAAGGTCGATTCTT-1	0.016612858	2.4147215
Sample_BCG_h4#TGCACACCATCCTAGA-1	-2.5800462	3.5266132
Sample_BCG_h4#TGGTTGAGTGTTTGCT-1	3.934947	4.625511
BCG_PBMC_PIE_Post_2#TAATCCGCAGCCAGAA-1	-5.9443846	4.23441
Sample_BCG_h4#ATGGACAAGTTAGCTA-1	6.5059047	5.1026635
Sample_BCG_h4#GGTTTGTAGTTATGTG-1	4.2720213	5.601305
BCG_PBMC_PIE_Post_2#TGAGCTTAGAGAGGAG-1	-6.2273	3.6081562
BCG_PBMC_PIE_Pre#CTCCGTCCAAACGGGC-1	-1.3411001	0.82398164
BCG_PBMC_PIE_Post_1#TAGCTTGCATTGCGTA-1	-6.127916	4.4020844
Sample_BCG_h2#AGGCCCAGTTGTTCAC-1	-3.2575629	2.8664815
BCG_PBMC_PIE_Post_1#TTTGTTGGTGTTTGCT-1	-5.2620373	2.33453
Sample_BCG_h4#TAGCCTCTCCGTTATT-1	-0.16821335	5.29723
BCG_PBMC_PIE_Pre#TTAAGTGTCACCGGTA-1	-0.7924919	0.24381943
Sample_BCG_h1#CAATAAGCACCTGCCT-1	-4.2892327	4.3779564
Sample_BCG_h4#TATCGCGAGCCTCTCG-1	-0.14569959	2.090569
BCG_PBMC_PIE_Pre#GGTGAGCCATAGTCAT-1	4.107925	6.458994
Sample_BCG_h2#GCTATAGGTCACCAAA-1	-3.4181428	1.2400024
BCG_PBMC_PIE_Post_1#TTCCTCAAGCCTGACA-1	4.526708	6.5230045
Sample_BCG_h2#GAAAGCCAGTCTCACC-1	-5.0750527	7.22826
Sample_BCG_h2#TCATGTTTCTAACTGA-1	1.4416741	3.2170975
Sample_BCG_h4#CGATTGAGTAGCTGGT-1	-4.1780696	3.8448818
Sample_BCG_h2#TTTCTCACATAACGGG-1	-6.4960465	4.2551174
BCG_PBMC_PIE_Post_1#GGTCGGTTCCTGGCTT-1	-1.1889672	-0.36037555
Sample_BCG_h2#ATATGGTGTTAACGAT-1	-3.5931566	2.5308979
BCG_PBMC_PIE_Post_1#CTCCCTGAGCTATTAG-1	-4.073453	1.1951693
BCG_PBMC_PIE_Post_1#CGACCTGCATACTCCT-1	-4.8458395	1.5078079
BCG_PBMC_PIE_Pre#ACCAAGCGTAGTTGGC-1	4.2823124	5.784011
BCG_PBMC_PIE_Post_2#AAATGGCCACAAAGCG-1	-4.7942305	1.476882
BCG_PBMC_PIE_Post_1#ATCACTAAGCTTATGA-1	-2.4794152	0.03903082
BCG_PBMC_PIE_Pre#GGTTAATGTTTCCACG-1	4.443559	6.875134
Sample_BCG_h4#AGCCTAGTCTTGAGGT-1	-3.7677217	1.2263744
Sample_BCG_h4#GAGCGGTCAGGCTTCG-1	5.2889304	4.8942795
BCG_PBMC_PIE_Post_2#CTCATGCTCCTGAATA-1	-6.164012	4.0401826
BCG_PBMC_PIE_Post_1#TTGTTCCCAATTGAGA-1	-1.2096549	1.5094051
BCG_PBMC_PIE_Post_1#TTTCCGGGTGCCGCAA-1	-3.7490013	-0.04307923
Sample_BCG_h1#TCCCTCACATGAAATG-1	-1.1311377	0.8051488
Sample_BCG_h4#GTTCATTTCTCGACCT-1	-0.5226536	3.344123
BCG_PBMC_PIE_Post_1#ATTTGTGAGGAGCACG-1	-3.2382596	3.5713716
Sample_BCG_h4#AAGCCTGTCGGTTAGT-1	-2.0838988	3.450916
BCG_PBMC_PIE_Pre#TTGGATATCATGTCAA-1	-0.6300249	0.67097497
Sample_BCG_h1#CCGCAAGGTCGTAATG-1	-3.764436	2.0206833
Sample_BCG_h4#TGATCCTGTCAGGCAT-1	0.2705917	1.7065185
Sample_BCG_h4#GGCATTAGTGAGGTAG-1	3.6582375	5.291444
BCG_PBMC_PIE_Post_1#CTTCTCAAGCGAGTAA-1	-3.7631772	0.1320485
Sample_BCG_h2#CAAGTGAAGACAACGA-1	-2.7268493	1.0876873
Sample_BCG_h4#GCACGCTAGCTTAACA-1	0.6889086	2.710469
BCG_PBMC_PIE_Post_1#CAAGTAACAGCCTGCA-1	5.9835978	6.9644747
Sample_BCG_h2#AACATCATCGTTAAGC-1	1.6613556	2.988771
Sample_BCG_h3#CAGGTTTAGGGCCACT-1	-0.5544276	1.1134204
Sample_BCG_h4#TTGTGCGAGGTCCTGA-1	5.6957045	5.2761245
BCG_PBMC_PIE_Post_2#ACGGTACGTCATGCAA-1	-5.7282147	1.7678629
BCG_PBMC_PIE_Pre#GCTAAGTTCCCTCATA-1	-0.8024025	-0.4025636
Sample_BCG_h4#CAGAATCTCATCCTGC-1	4.761545	4.8358107
Sample_BCG_h4#TGGCCTGCAAGCTACC-1	4.494387	5.574257
BCG_PBMC_PIE_Post_2#GACTAATGTGTTTCAC-1	-5.747439	3.8624196
Sample_BCG_h2#CGGATTAGTGCAACTA-1	0.65021616	1.8033888
Sample_BCG_h2#CGTTGCAAGGCTATGT-1	-1.9007906	1.70191
BCG_PBMC_PIE_Post_2#TGCCATTGTCGTTACT-1	-3.7696972	-0.26549616
BCG_PBMC_PIE_Post_1#ATGGCCCAGTTGGGCC-1	-4.0100055	3.0031877
Sample_BCG_h4#ATTGACTCAATGCGCT-1	1.2684976	3.1728003
BCG_PBMC_PIE_Pre#ACGACAAAGCGAGGTG-1	-2.3464813	0.86272025
Sample_BCG_h3#ATGGCCGGTCATTAGG-1	4.7606673	5.6999993
Sample_BCG_h4#AGTCCTGAGCGATAAG-1	-0.10218824	2.623402
Sample_BCG_h4#GCTTCGCGTAACGGGA-1	1.3195903	5.6540403
BCG_PBMC_PIE_Pre#CGAATATGTCATCAAG-1	-3.566842	0.62071556
Sample_BCG_h4#TCACCTCAGTGAACAG-1	2.2061892	5.3986115
Sample_BCG_h3#CGTGACATCCAACTGG-1	0.70106804	2.2975137
Sample_BCG_h4#TAGTCAATCCAAGTGT-1	-0.8329917	0.13666758
Sample_BCG_h4#CAGCATGTCTCTAGCC-1	-2.1311533	3.906774
BCG_PBMC_PIE_Pre#CAATCCTGTAATGACT-1	1.4483207	4.293481
Sample_BCG_h2#GGCTCAATCCCGCAAA-1	1.7936556	2.8173385
Sample_BCG_h2#CCGGTAGGTACAATGT-1	5.6133447	5.5219193
Sample_BCG_h4#AGAATCTGTCATAAGT-1	-1.5860457	1.4444798
BCG_PBMC_PIE_Pre#TGATCAATCACCTGCT-1	-3.4365926	0.34434664
Sample_BCG_h2#CGGTTATAGGTTACAC-1	-4.504744	6.8091817
BCG_PBMC_PIE_Pre#CTAATGTCAAGCGATG-1	-4.6243715	1.6445453
BCG_PBMC_PIE_Pre#GATTCCTGTGTTGTGA-1	4.8312244	7.309196
Sample_BCG_h3#TTAACCAAGGTCCTAG-1	0.3341577	5.2789197
Sample_BCG_h2#TTTGACTTCCTAGTCC-1	-3.4611921	3.2150793
BCG_PBMC_PIE_Post_1#GAACCTGTCGATAACC-1	-5.5089626	1.2794036
BCG_PBMC_PIE_Pre#ACTGAAACATTGCAGC-1	-4.741889	3.0578697
Sample_BCG_h4#GAGCATGCAGTTATCG-1	5.890898	4.9358616
Sample_BCG_h2#CCTAATCGTTGAAGCC-1	-2.451692	3.1004558
BCG_PBMC_PIE_Post_2#CCTACTGGTACGTTTC-1	-2.740534	1.7449323
Sample_BCG_h3#GGTTGAGCAATTGACT-1	-2.1539693	2.168857
BCG_PBMC_PIE_Post_1#GTGCTGATCCCTCATA-1	-1.240611	2.2626176
Sample_BCG_h4#GCAGGCAAGTAGGATG-1	6.5777254	4.7025356
Sample_BCG_h2#CTTTGTCCACACCAAC-1	-1.6769918	0.54934466
BCG_PBMC_PIE_Post_2#GTGAGCGAGTAGCCAT-1	-4.2867684	3.8344371
Sample_BCG_h4#TTAGCGGTCACGCGGT-1	0.17257646	0.7245721
Sample_BCG_h1#TTGTTTGGTAGCCTCC-1	-0.8823801	3.7400825
BCG_PBMC_PIE_Post_1#TGGTTGAGTTGGGTTA-1	-6.310363	5.0625167
Sample_BCG_h2#ACTGAAACATGCTATG-1	-0.9593273	1.2313186
Sample_BCG_h1#AGTGCCGGTATTTGCC-1	-3.8899398	3.757037
Sample_BCG_h4#TATGGATGTCATAGAT-1	-3.723347	3.4300654
BCG_post_PBMC#GCGGTTATCCACCTGT-1	0.53926647	1.9390233
Sample_BCG_h2#AATAACCGTCTTGCAT-1	-0.18158656	3.2800992
BCG_PBMC_PIE_Post_2#GCAAACAAGGTCCGTA-1	5.6808143	6.7801785
Sample_BCG_h4#GCTCAACCAGGCATGA-1	3.9061239	6.3461075
BCG_PBMC_PIE_Post_2#TTGTTCCCAGTAGCCT-1	1.5865403	5.5772614
BCG_PBMC_PIE_Pre#TAACCGGTCTGTAAGC-1	-6.0837345	4.656896
BCG_PBMC_PIE_Post_1#GCGGATACAGGATGGC-1	-4.6853566	5.769697
Sample_BCG_h4#CGGGCTTAGGATGATG-1	5.14162	5.132618
Sample_BCG_h4#ATGAATGCAAAGGCCA-1	0.024368545	2.5568595
BCG_PBMC_PIE_Post_1#CGAAGTAAGGCTTAAC-1	-4.7800994	0.74434775
Sample_BCG_h4#CGCTTGCGTGGATTAT-1	6.0593348	6.6393347
Sample_BCG_h2#TCGCATTGTCCTCCAA-1	-5.038254	3.9863405
Sample_BCG_h4#ATCAGGTTCTTGCAAA-1	0.621981	4.647654
BCG_PBMC_PIE_Pre#ACTGAAACAGGCTGTT-1	-5.3492646	2.7723422
BCG_PBMC_PIE_Post_1#AGTGAACCATTGTGGC-1	5.0638685	7.0989027
Sample_BCG_h2#CTCAATAAGCTATTAG-1	-4.723306	6.901139
Sample_BCG_h4#CTGCTATGTTCACTGT-1	1.28389	1.7202471
BCG_PBMC_PIE_Post_2#TGTTGGCCATTAGCGC-1	2.1654835	3.0227554
Sample_BCG_h4#AGGCAATCAAAGCCTC-1	3.8609045	6.3475637
BCG_post_PBMC#GCGATTAGTAAGGTTT-1	5.640189	6.373152
Sample_BCG_h4#GCTTAAATCCTGGTCT-1	-4.5459642	5.53254
Sample_BCG_h1#CAACCCTTCTTGGATA-1	-6.1327276	3.7736747
Sample_BCG_h4#GGTAACTTCCATAAGC-1	5.8191257	4.988644
Sample_BCG_h3#TCATTTGGTTACTAGG-1	0.5235451	3.7773497
Sample_BCG_h4#CTGCTACTCTTTAAGG-1	6.171806	4.736651
BCG_PBMC_PIE_Pre#ATTCCTAGTGATTTGG-1	-1.8523854	2.37939
Sample_BCG_h4#TCAAGGAAGTATCGCG-1	4.4456654	6.210593
BCG_PBMC_PIE_Post_1#ACTAACCAGGAAGTAT-1	-6.880238	4.334474
BCG_PBMC_PIE_Post_1#CGCTATGAGTAGCGGG-1	1.1595811	0.30896842
Sample_BCG_h1#GACTTACAGACTAAGG-1	-2.2006617	3.234552
BCG_PBMC_PIE_Post_2#CGCCTGTGTATTGCAG-1	-2.4436805	0.9501146
Sample_BCG_h4#TCAAACCAGCAGCTAT-1	5.3373146	5.997746
Sample_BCG_h3#CAACCCTTCTTGGACG-1	-1.5168837	0.7884773
Sample_BCG_h1#CTGCAATAGGGTCTAT-1	-0.6320024	0.06497084
Sample_BCG_h1#TATGCATCAAGCGATG-1	-1.0370204	0.5633162
BCG_PBMC_PIE_Post_1#TGCATCCTCATGCGTG-1	-4.4233117	0.4049319
Sample_BCG_h4#GTTAAACGTTTGGGTA-1	4.4307537	5.238758
Sample_BCG_h2#GAGGACTAGTTAACCA-1	-1.3815995	2.1913192
Sample_BCG_h2#ACTAACGGTTCCGGGA-1	4.619998	6.420036
Sample_BCG_h1#TACTCAAAGTAATCCA-1	-4.3676457	6.7388086
BCG_PBMC_PIE_Pre#TCCTCACAGGGCCATC-1	-1.5331193	-0.020981006
BCG_PBMC_PIE_Pre#GAATTTGTCTCTAGCC-1	-1.3043778	-0.7531083
Sample_BCG_h4#CCAATATCACGTGCTG-1	5.075237	6.1698546
BCG_PBMC_PIE_Post_2#GCAGGCTTCCTCATGC-1	-6.3423867	3.5973592
Sample_BCG_h1#CCCTAATGTGACATAT-1	0.7195352	3.4550495
Sample_BCG_h4#GCACTTACAATTGCGC-1	-2.5635736	1.7499208
Sample_BCG_h2#TCGACAAGTTAACGGC-1	-6.2473216	4.619974
Sample_BCG_h3#GACGCAACATAATCCG-1	-0.57029545	3.064488
BCG_PBMC_PIE_Post_2#TGAGGGCCAGTAAGTA-1	1.1824057	1.23873
Sample_BCG_h1#CGGCTCACAGCAACAG-1	-4.8668594	6.2838516
Sample_BCG_h2#GTTGCGGGTAATCACG-1	-2.891393	3.4632804
BCG_PBMC_PIE_Post_1#GGATGGCCAATCGCAC-1	4.864574	7.1868534
Sample_BCG_h1#ACGAAGTCATCTAGCA-1	6.4060802	5.598721
BCG_PBMC_PIE_Pre#CTGGACCAGCTCCTAC-1	-0.34346604	-0.16887644
BCG_PBMC_PIE_Post_1#ACGTTACAGCGCTAAT-1	6.045721	7.527954
Sample_BCG_h4#ACTAGGCGTCTAACAG-1	-1.9933774	3.4890828
Sample_BCG_h4#TCCATAAAGGGATGAC-1	0.98652995	3.2069707
BCG_PBMC_PIE_Post_2#CGCCACACACAGACTC-1	-1.7887822	0.56980145
Sample_BCG_h4#CGTTTGGAGGAAACTG-1	4.636472	4.539164
Sample_BCG_h4#ACCAGCTCACAAAGGT-1	-2.1825159	2.1993651
BCG_PBMC_PIE_Post_1#AGCCTGGGTTTAGTCC-1	-5.759846	3.4831715
Sample_BCG_h2#CGCTAATAGCTGGAAA-1	-3.6054535	2.6065848
Sample_BCG_h4#GTTAACCAGGCAAGTA-1	-0.058257565	5.830109
BCG_PBMC_PIE_Post_1#GTCTTTGTCGCAACAT-1	-4.2096047	3.0928786
Sample_BCG_h2#AGCAATTGTTTCCTCC-1	0.8169796	0.97535115
BCG_PBMC_PIE_Post_2#ACCGAAGCACATTAAC-1	5.337397	7.3285604
BCG_PBMC_PIE_Pre#CAATATGTCTACCTCA-1	-0.39859182	-0.14916359
Sample_BCG_h4#CATGAGGCAGTGAACG-1	1.338258	1.9477354
BCG_PBMC_PIE_Pre#TGTGTTAAGTGATTCA-1	-3.0686471	3.5250638
BCG_PBMC_PIE_Post_1#CAAGGCTGTTACCGGG-1	5.001132	6.591712
BCG_PBMC_PIE_Pre#GCAAGCCTCTTTGTAC-1	-4.528298	4.8373513
BCG_PBMC_PIE_Post_1#TGCTAGCCAACCTGGT-1	1.4321889	0.9782163
Sample_BCG_h2#TCATTTGGTGGATGTC-1	-3.1538672	2.45591
BCG_PBMC_PIE_Post_2#TACCTTTAGTGAGGTA-1	-5.790618	4.034843
Sample_BCG_h4#ACTAAAGCAAATGCCC-1	-3.9687858	3.1654427
BCG_PBMC_PIE_Post_2#GCGAAGCCATGTTTGG-1	-4.966356	0.4007342
Sample_BCG_h4#CAGGTCCAGTAACAGG-1	2.745828	5.736854
Sample_BCG_h4#GCCTTTGGTTACAACG-1	-4.578884	2.0100393
Sample_BCG_h4#CGCGATTCAATAGTCT-1	-4.3907924	1.8071475
BCG_PBMC_PIE_Post_1#TTTCAGTTCTTGTTCG-1	-1.0424659	3.0548282
BCG_PBMC_PIE_Pre#AAAGGCTCAGGAACCA-1	-5.651907	4.8112717
BCG_PBMC_PIE_Post_2#CTAATGTCAAAGCGCA-1	0.7392341	2.5011978
BCG_PBMC_PIE_Post_1#AAAGGCTCAGTACCGT-1	0.59525615	0.7836593
BCG_PBMC_PIE_Pre#CGCTATGAGCCTGATG-1	5.2098827	5.355849
BCG_PBMC_PIE_Post_1#TTAGACTCATCACAGC-1	-0.49700692	1.6151508
Sample_BCG_h1#CTTGCATGTTTACTTG-1	-5.6539283	5.078615
Sample_BCG_h2#TGTCAGTAGGAGTCGG-1	-2.0761569	0.8755434
Sample_BCG_h2#GTTAAGCTCGAGGTGG-1	5.599247	4.85662
BCG_PBMC_PIE_Post_2#TGTCAGTAGGAACACA-1	-2.0464115	1.7438598
Sample_BCG_h2#ACCTCACTCTAAGGAG-1	5.147203	5.1788154
BCG_PBMC_PIE_Pre#TCAAGGTTCGTCATTT-1	5.267923	6.550856
Sample_BCG_h4#GAGCAAGGTGGTTCCC-1	5.095909	4.0062833
BCG_PBMC_PIE_Pre#TTGAGCTAGTGTTGCG-1	-1.3291414	3.323141
Sample_BCG_h2#GATAGACCAGGCCATT-1	-0.39377066	1.2464648
BCG_pre_PBMC#GCATATATCTGTTCAT-1	0.22134896	3.420431
Sample_BCG_h4#TACCTGCTCCCATAGG-1	4.7032537	4.833298
Sample_BCG_h4#ACCTACCTCCCTCACG-1	1.834359	5.5354247
Sample_BCG_h4#GTTTACCGTACCAGGT-1	-1.3867812	2.6353772
Sample_BCG_h2#TTGCCCGTCCTTAAGA-1	-3.3174284	2.3295712
Sample_BCG_h4#TTAGCTGCAGACAAAC-1	-3.5393324	2.1840348
Sample_BCG_h4#TTGCGTCTCCAAGTTA-1	0.11375248	2.7594264
Sample_BCG_h2#TGTGCGCAGGTTAGAG-1	-2.7118433	2.6532567
Sample_BCG_h4#TGCGGTTCAGAGAGCC-1	-4.0425816	1.1363007
BCG_PBMC_PIE_Post_2#CAGCCTAAGCCTTAAA-1	-3.070385	3.7452767
BCG_PBMC_PIE_Post_2#TGTGGCGGTGGTTCCC-1	4.6314807	7.527837
Sample_BCG_h4#AGCTTCCTCACGAATC-1	5.991201	5.7468276
Sample_BCG_h4#ACTAATCCATGTTGCA-1	0.36627325	0.9874493
BCG_PBMC_PIE_Post_2#GTATGTGGTGATTACG-1	5.623857	7.137611
BCG_PBMC_PIE_Post_2#ATGCATTCAGAAATTG-1	-5.112235	2.6052175
Sample_BCG_h4#CAACAATGTTCATCTA-1	-2.23868	2.0354662
BCG_PBMC_PIE_Post_1#GTTAAGCTCCAGGTCA-1	-4.3512044	6.8344135
Sample_BCG_h4#AAGCTAGAGGTACCGC-1	1.9646094	5.6305866
BCG_PBMC_PIE_Post_1#CGGCTCACAGCTTACA-1	-4.9626203	6.726103
Sample_BCG_h4#ATCCATAAGCTATGAC-1	4.6909456	5.9992514
BCG_PBMC_PIE_Pre#CTTTATCAGAGGAAGG-1	5.4669223	5.740598
Sample_BCG_h4#ATGTTTGAGGACGTAA-1	4.002933	4.8196955
Sample_BCG_h4#AACGCTAGTTCCTGTG-1	1.7693104	2.0822217
BCG_PBMC_PIE_Post_1#GGCTCACAGCCAGGTC-1	-1.7179133	-0.4598365
Sample_BCG_h4#ATGGACAAGCAGGTGG-1	-1.1096404	3.5318367
Sample_BCG_h4#CCAGTTTGTCGTAATG-1	1.1029228	1.5968792
BCG_PBMC_PIE_Pre#GAACCGCTCGTTCACC-1	-5.1607866	2.7596729
Sample_BCG_h2#TCCTCACAGGGCTAAA-1	-4.3480396	2.6731784
Sample_BCG_h2#TTCCTTGAGTAACTCA-1	-1.7344984	2.4611592
Sample_BCG_h3#CTCCTCACATTGTGGC-1	-0.08016775	2.7301455
Sample_BCG_h2#GTCTCACTCCTAATTC-1	-0.36006746	0.49034607
BCG_PBMC_PIE_Post_2#GACCTGCAGCTAAAGG-1	5.4038296	7.7648664
Sample_BCG_h2#TAAGTAGCAGCAAGGC-1	-0.6948201	2.1031559
BCG_PBMC_PIE_Post_1#ACCTGGTCAACTAGGG-1	-4.3759356	6.4695425
Sample_BCG_h4#ATCGGCCAGCACGTTG-1	4.730291	4.909383
Sample_BCG_h4#TTCACTGTCGGGCCAT-1	5.443196	5.386358
BCG_PBMC_PIE_Pre#GCGCTTGCATGCATAT-1	-4.670776	2.3526013
Sample_BCG_h2#ATTCCTAGTGGTGAGA-1	4.702712	6.4652996
BCG_PBMC_PIE_Post_2#AACCTCACAATCATGT-1	-3.857563	4.230082
Sample_BCG_h2#GCCTTGCGTCATGAGC-1	4.2678995	6.4592686
Sample_BCG_h4#GTGCTGGGTTAGCGTA-1	3.9630432	5.6219397
Sample_BCG_h2#GTCCAGGGTAGACAAA-1	-1.1499605	3.5936182
BCG_PBMC_PIE_Post_2#GCCACTAAGTTTCCGC-1	-5.472492	0.8350365
BCG_PBMC_PIE_Pre#CTCATTAGTTATTGCC-1	-4.3518095	0.7676389
Sample_BCG_h3#ATGGTTATCATGCGTG-1	4.9005456	4.7015944
BCG_PBMC_PIE_Post_1#GACCTTTGTAATCACG-1	-4.482522	1.3017086
Sample_BCG_h1#AGCATTTCAGATTCAT-1	-0.78236234	3.470647
Sample_BCG_h4#TCCTTGCAGTTGCCTC-1	-5.8224177	4.406273
BCG_PBMC_PIE_Post_2#TCTATGTTCCAATTAG-1	1.4657092	2.307387
BCG_PBMC_PIE_Post_2#TAATTGCCACCATATG-1	-3.5514336	-0.2977814
BCG_PBMC_PIE_Post_1#TAGTAAGCACGTAAGG-1	-6.126183	4.4864864
Sample_BCG_h2#CCCTCATAGTTCCCAC-1	-5.756365	4.3719697
BCG_PBMC_PIE_Pre#ACACGGACACAACAGG-1	6.451349	5.3729143
BCG_PBMC_PIE_Post_2#ACTAACTCATCAGCAC-1	-5.5555053	2.079896
BCG_PBMC_PIE_Post_1#TATTTGCTCATGCATA-1	-6.1738796	3.4412432
BCG_PBMC_PIE_Post_1#ATTGCGCCAGGCGATA-1	1.2826762	0.6587034
BCG_PBMC_PIE_Post_1#GTTCGCGCAATTAGCT-1	6.323059	7.246692
BCG_PBMC_PIE_Post_2#AGGCTAGCACAGAAAC-1	-5.3740954	3.1209168
Sample_BCG_h4#TATAGCCAGCCGGTAC-1	0.8646924	3.3971088
BCG_PBMC_PIE_Post_1#ACCTACCTCGCACACA-1	-4.634414	3.7357187
Sample_BCG_h3#ATGTCAATCTGCAACG-1	0.4700343	3.681377
BCG_PBMC_PIE_Post_1#ATCTATGAGAACCTGT-1	6.7199006	5.992864
Sample_BCG_h4#CTCCGTCCAGTAAAGC-1	6.181793	5.8587003
Sample_BCG_h3#AGCGCTCAGCCTAACG-1	-0.28064662	3.8943026
Sample_BCG_h2#ACGTCCTTCATTGCAA-1	1.0067677	2.174675
BCG_PBMC_PIE_Pre#GGGTCACTCCCTCACG-1	-5.395156	2.407241
BCG_PBMC_PIE_Post_2#CAGGTGGAGCTTTGTT-1	6.278746	6.720157
BCG_PBMC_PIE_Post_2#GATTAGCTCAGGAACA-1	-5.4093223	4.6379104
Sample_BCG_h2#GTAAGCAAGTTGTCCC-1	-2.971937	1.9684917
BCG_PBMC_PIE_Post_1#GAGTTTGGTAATCACG-1	5.2251735	7.035767
Sample_BCG_h2#GACGCAACACTCGCTC-1	-5.1819224	5.206037
BCG_PBMC_PIE_Post_1#AGCGCCTAGGATGATG-1	-4.310947	2.7884429
BCG_PBMC_PIE_Post_2#GAGGCCTTCGATTTAG-1	1.1990145	1.3404832
Sample_BCG_h2#AAGGCCCTCCAGCACA-1	-0.85355866	3.8251941
Sample_BCG_h1#GAAGGCTAGTGAGGGT-1	-1.297023	2.7961154
Sample_BCG_h3#TGTAACTCACGGTTTA-1	0.07505815	2.9524624
BCG_PBMC_PIE_Post_1#AAAGCTTGTGAAACAA-1	-6.6355524	4.4510703
Sample_BCG_h2#CTCGCTCCAATTTAGC-1	-4.503675	3.3669906
Sample_BCG_h2#GTTGGAGCATGCTTAG-1	-1.934522	1.1310256
Sample_BCG_h2#GTTCTCATCTTAATGG-1	0.28064498	1.2619627
Sample_BCG_h4#GACTTGGTCATTCATC-1	-0.010803879	0.46334332
BCG_PBMC_PIE_Pre#CGTACGGGTGCAATGC-1	-4.1337037	1.3999411
BCG_PBMC_PIE_Post_1#TCATGCCTCTAACCAA-1	-5.1065707	3.6039436
BCG_PBMC_PIE_Post_2#ACTAGGCGTGCAATGC-1	1.079005	0.64435905
Sample_BCG_h4#CAAACTGGTGATGAGG-1	0.1411023	0.98945045
Sample_BCG_h2#CGTCAATAGGTGAAGC-1	-4.1369414	7.1185565
Sample_BCG_h2#CAACCCTTCAGGAACA-1	-1.7949939	2.7215495
BCG_PBMC_PIE_Post_1#CCTAATCGTCGTAATG-1	-4.8608894	1.9369546
Sample_BCG_h2#TACGTAATCTAAGTCA-1	-1.4661412	1.5743874
Sample_BCG_h2#TCCTCACAGTCATGCG-1	1.2147703	3.3623781
Sample_BCG_h4#TACTTGTTCATGCGTG-1	-2.7606323	3.2853057
Sample_BCG_h2#CGCACAATCAATAGCC-1	-6.200995	4.039673
Sample_BCG_h4#ACTCACTGTTAACGGC-1	3.9711154	5.455159
Sample_BCG_h4#ATCAGGTTCAAACCGT-1	-4.188895	1.9482759
Sample_BCG_h2#CTGTTGGAGTCTTGAA-1	-2.4580767	0.70866
BCG_PBMC_PIE_Pre#GCAATGAAGGCCTTAG-1	0.5775932	3.1828735
BCG_PBMC_PIE_Pre#CATTATGAGATAGACG-1	0.023802789	2.1011727
BCG_PBMC_PIE_Post_2#TTATCCGTCGGGACCT-1	-6.0896783	4.970708
Sample_BCG_h4#AACATCATCGATCAGT-1	4.541897	5.091458
Sample_BCG_h4#AACGGTAAGTTATGTG-1	-1.4466274	1.2478784
BCG_PBMC_PIE_Post_2#CTTATTGGTTGGCCGA-1	-5.109118	5.2850556
BCG_PBMC_PIE_Post_1#GTACTTAAGTTCCTGC-1	6.1803994	7.6387706
BCG_PBMC_PIE_Pre#GACATAGAGCCTGGTA-1	-5.6408687	2.4234986
BCG_PBMC_PIE_Pre#ATGTAAGCAAGCTACC-1	-5.474171	2.0772047
Sample_BCG_h2#TTGTGAGGTGCTAGAC-1	-2.3415842	0.23142055
Sample_BCG_h2#GTTGGCGGTAGTCAAT-1	-0.6728671	2.6753783
Sample_BCG_h4#AATTGGACAGCTAATT-1	5.0160336	4.365798
Sample_BCG_h1#TTGCAACAGAATGACG-1	-2.5542665	3.4018734
Sample_BCG_h4#CGCTCAGCAAGGAATC-1	-0.47755203	3.4251807
BCG_PBMC_PIE_Post_2#CACGCAATCCCTGGTT-1	5.5571637	7.601697
Sample_BCG_h2#AGTGTTTCAATACTGT-1	-1.2710251	2.5290813
Sample_BCG_h1#ATTCAACCAATAGTCT-1	-4.7253065	7.132309
BCG_PBMC_PIE_Post_1#CCTAAGCCAACCGCCA-1	-5.716324	3.6486552
BCG_PBMC_PIE_Pre#TGTGCACCATAGACCC-1	-1.3751118	0.09757123
Sample_BCG_h4#AGGTTTGGTTGTTCAC-1	-1.6460631	3.0745156
Sample_BCG_h2#GCTGCATCAGCAAGTG-1	1.1455169	3.3689737
BCG_PBMC_PIE_Pre#GTATGTGGTTAACGAT-1	-6.5708737	3.7852497
Sample_BCG_h2#TGCTCTCAGCCTGAGC-1	-2.8478804	1.1750096
Sample_BCG_h4#GACCGAACAAGCGAGC-1	5.7973485	6.499055
Sample_BCG_h2#TTGGTGAGTACCCACC-1	-4.4645123	6.578597
BCG_PBMC_PIE_Post_2#TACTCAAAGCTTTGTT-1	-5.562856	0.99923366
Sample_BCG_h4#CAATATGTCAGCCAAT-1	5.946021	5.269553
BCG_PBMC_PIE_Pre#TACAATGTCTCCATAT-1	-5.377886	4.733305
BCG_PBMC_PIE_Post_1#TACCCGGCACGAACAG-1	-4.860995	5.708377
BCG_PBMC_PIE_Pre#ACCGCAATCATAGCCG-1	-1.5299553	-0.6770287
Sample_BCG_h4#GAAAGGCTCCGCTAGA-1	-4.9069905	6.9457664
Sample_BCG_h4#GATGACTTCTGGTCCT-1	4.235025	6.0329323
BCG_PBMC_PIE_Post_2#GCTTGACCATCACAGC-1	-4.3620334	1.4575688
Sample_BCG_h2#GATGAGGGTGTTAGCA-1	-1.6518192	2.639461
Sample_BCG_h2#TTGTAAGTCGTGCTAG-1	4.8057547	5.6379514
Sample_BCG_h2#GAACCAGCAGGCTTGT-1	-5.8548946	5.03017
Sample_BCG_h4#CATTCCTCACCTATAG-1	-1.5686356	0.34661865
BCG_PBMC_PIE_Post_1#TTAGTCAAGGCCTAAT-1	-4.8408933	1.3698126
Sample_BCG_h4#TGACTTAAGGTGAAAT-1	5.450707	5.5433264
BCG_PBMC_PIE_Post_1#TAATGGACAACTAGCC-1	-0.4071837	5.6367564
Sample_BCG_h3#GCACTTACAAGCCAGA-1	0.039689206	4.977179
BCG_PBMC_PIE_Pre#TGTAATGTCCCTGGTT-1	-2.6586127	0.2919785
Sample_BCG_h2#CCTAGTTGTTACAACG-1	3.936065	6.5366154
Sample_BCG_h4#AGGATCCGTAGCCTCC-1	4.3237066	5.7655177
Sample_BCG_h4#CATCCCAGTGTTCCCA-1	0.0014122772	1.0570811
Sample_BCG_h4#TCTAACCGTTCCAGGG-1	4.026971	6.521497
BCG_PBMC_PIE_Post_2#GTACAATGTTCACTGT-1	0.96990716	0.46564627
Sample_BCG_h4#CAGGGTGAGCCTAATA-1	5.1236815	4.7185097
BCG_PBMC_PIE_Post_1#AAGGATTAGTGTTGTA-1	-3.1474786	-0.042654198
BCG_PBMC_PIE_Pre#AGTAGGATCTTTGACT-1	-0.6844905	0.17433503
BCG_PBMC_PIE_Post_1#CGGCTCACATGAATAG-1	-5.3770676	0.84751177
BCG_PBMC_PIE_Pre#CTCCGGACACTATGGC-1	6.3798776	6.579046
Sample_BCG_h1#AGGTCATTCATGGTTA-1	-2.6857042	4.3689785
Sample_BCG_h3#GGATTTATCAGCACGC-1	1.6566184	5.7878823
Sample_BCG_h1#TGGTCATAGCGGTTAT-1	-5.9470077	4.708871
Sample_BCG_h4#GGTTCTTGTTCCGCAC-1	-1.2719245	1.248217
Sample_BCG_h4#TTAAAGGCAACTAGCC-1	-1.0807076	1.0088801
Sample_BCG_h2#ACGCACGGTTAGAGCC-1	-3.4738274	3.6066206
BCG_PBMC_PIE_Post_1#GCTCTGTTCACATTGA-1	-4.5686507	6.721217
Sample_BCG_h2#AAAGGCTCATAAGGAC-1	-1.2673588	3.07657
BCG_PBMC_PIE_Pre#AATTGGGAGTAATCCA-1	-4.9039536	6.5621343
BCG_PBMC_PIE_Post_1#CTCGTTATCGTTATAG-1	-5.5205398	5.112148
Sample_BCG_h2#CCTGAGTCAATAGTCT-1	-4.3660436	2.740902
BCG_PBMC_PIE_Post_1#CTCACAACAAGGTGCA-1	6.2052045	6.9909134
Sample_BCG_h2#GCTCACAAGCATGGTT-1	-1.7573284	3.1919253
BCG_PBMC_PIE_Pre#TACTGGCCATTAAGCT-1	-4.9228363	2.8881218
Sample_BCG_h4#GCACGCTAGCATTTCT-1	-2.725269	3.0632153
BCG_PBMC_PIE_Post_2#CATGCAAGTTAACGAT-1	-2.1445496	3.3787189
BCG_PBMC_PIE_Pre#GTTTAACCAGCAAGAT-1	4.547826	6.74138
Sample_BCG_h3#GAGGAGGCAAAGCTAA-1	-5.1914496	4.9622297
Sample_BCG_h4#GCGGTTATCATGCATA-1	-4.63002	1.3836671
Sample_BCG_h4#AGTAATGCATGAGTTT-1	4.283294	5.8331246
Sample_BCG_h4#GCAGCTATCAATTACG-1	0.31610864	2.103715
BCG_PBMC_PIE_Post_1#GCACATTAGTTCCCAC-1	-5.300275	3.0106618
BCG_PBMC_PIE_Post_1#ATTACGTCACCTGCCT-1	-3.1328595	-0.09196871
Sample_BCG_h1#TGTTATGAGCGGCTGT-1	-4.5111384	1.8480108
BCG_PBMC_PIE_Pre#CTAATTGAGCAGGTGG-1	-5.4936504	2.9330974
Sample_BCG_h2#TTTGGCTGTCCGTAGG-1	-0.286605	1.0795882
Sample_BCG_h4#CCTGGTAAGACAACGA-1	1.9303377	2.8547273
BCG_PBMC_PIE_Pre#CAGCATTAGCCAGGTC-1	-2.985495	2.6307523
Sample_BCG_h2#TTTAAGGTCGTAATCA-1	0.057795342	5.601687
Sample_BCG_h2#GTTAGACTCGCCTAAG-1	-3.5562177	3.8418162
BCG_PBMC_PIE_Post_2#CAACTAGGTTGGATAT-1	-6.498024	4.6353407
Sample_BCG_h4#CGAATCTAGAGGGACT-1	5.4948554	4.053401
Sample_BCG_h2#AACTAGCTCCCAGTAG-1	1.3377358	1.2187132
BCG_PBMC_PIE_Post_1#CACTTAAAGACCATAC-1	-5.5277405	0.7378834
Sample_BCG_h4#AGTGCCGGTACTGATG-1	4.9028583	6.2733808
BCG_PBMC_PIE_Pre#CGGATAAAGAATCTCA-1	-1.2581307	0.17802928
BCG_PBMC_PIE_Pre#AAGCTAGAGTTATCCT-1	-5.0070434	6.5000176
Sample_BCG_h4#TTGGCTTGTAACGAGG-1	5.006643	5.3062487
Sample_BCG_h2#AAGTGCAAGCTCAATA-1	-2.295379	1.6457602
Sample_BCG_h4#TTTATGGAGCACTAGT-1	1.7126734	5.412716
Sample_BCG_h2#TGTCATAAGTGAGCAA-1	-5.9676213	4.4348783
BCG_PBMC_PIE_Post_2#ATAAGCCTCGGTCAAT-1	-0.44201514	0.042052925
Sample_BCG_h1#GGTAGGAGTTTAACGG-1	5.1644554	3.7495034
BCG_PBMC_PIE_Post_2#CCAATATCATTGCGTA-1	0.20403759	2.8488052
BCG_PBMC_PIE_Post_1#TATTGACCACAGGAAT-1	-1.0733306	-0.2536883
BCG_PBMC_PIE_Post_1#AAGACATAGCCGGTAC-1	4.558033	7.147652
Sample_BCG_h2#TGGTGATTCTTTGTAC-1	-2.1449366	0.95817375
Sample_BCG_h4#AGACCCGGTTAGTTGG-1	1.7528278	5.5736136
BCG_PBMC_PIE_Post_2#CTGTATTTCATTACGA-1	-1.7761914	0.49889618
Sample_BCG_h2#CATCACACAGAATGAC-1	0.83072937	2.6631
BCG_PBMC_PIE_Post_2#ATTACCCGTCCGGTTC-1	1.538774	1.3199556
BCG_PBMC_PIE_Post_2#AGAGGAACAAACGCGA-1	0.5382777	2.159778
BCG_PBMC_PIE_Post_2#ACTAACCAGGAGGCAT-1	-2.675975	4.1479754
BCG_PBMC_PIE_Post_1#TTTGCATTCTCATCAT-1	0.8014321	2.6966631
Sample_BCG_h3#GCAGGCTTCATGAGCT-1	-3.365557	4.196358
BCG_PBMC_PIE_Post_1#CATAGACTCTCACATT-1	-6.6882534	4.369755
BCG_PBMC_PIE_Pre#TGTATCCGTGTCCAGG-1	5.341391	6.6965413
Sample_BCG_h2#ATTTGCGCAAGCCACT-1	-3.726335	2.9139783
BCG_PBMC_PIE_Post_1#ACCAGCTCAATTAAGG-1	-0.30614415	0.35039574
Sample_BCG_h4#CAAGTTATCACAGCGC-1	6.118961	5.3082666
Sample_BCG_h4#GTCTAGCCAGCCAGTT-1	-0.20465301	1.4254031
BCG_PBMC_PIE_Post_2#CTAAGTCAGTGTGATC-1	-5.5563135	3.640397
BCG_PBMC_PIE_Pre#TCCTCTAAGGAACGGT-1	1.653667	3.6997893
BCG_PBMC_PIE_Pre#CCTCCTGAGCCTGTGA-1	-2.0265682	0.060229685
BCG_PBMC_PIE_Pre#ATTACCGCAACCTAAT-1	6.8042874	5.449287
Sample_BCG_h4#CTATAACCATTAGGTT-1	-1.7408423	0.54036665
Sample_BCG_h2#TTCATCCCATTAGCCA-1	-1.2112135	2.3493674
Sample_BCG_h4#CATTATCTCCGCACAA-1	6.205748	4.891686
Sample_BCG_h3#CCTAAATCACGAACAG-1	-4.9346414	4.761584
BCG_PBMC_PIE_Pre#TGCTTAAAGCCATCAG-1	-2.420927	3.753896
Sample_BCG_h4#TCTCCTCGTTGCACAA-1	-0.26425356	0.9571492
Sample_BCG_h3#GGTGCTTCATAGTCAT-1	-0.21836783	0.75792795
Sample_BCG_h4#GAACCTTAGGGCCACT-1	-1.2082521	1.1280996
Sample_BCG_h4#GACGTAAAGGAACCAA-1	-3.1686747	0.8874454
BCG_PBMC_PIE_Post_1#GCGTTTCTCCTCCTAA-1	0.033538237	0.35319838
Sample_BCG_h4#TGATCCTGTCAAAGGG-1	-0.874173	0.58663505
BCG_PBMC_PIE_Post_2#TTCCTCAAGGTCTTGG-1	-5.369652	1.8959508
Sample_BCG_h4#TCGTCAACAATAGCAA-1	-1.6187695	0.9260641
Sample_BCG_h4#GCCACAATCCTTTACG-1	6.6283264	4.957643
Sample_BCG_h4#AACTTAGTCTATGACA-1	-3.647037	2.928404
Sample_BCG_h4#CGTGCTGCAACAACAA-1	4.900157	5.7326865
Sample_BCG_h2#CTGGCTTTCACTCAAA-1	0.36374682	4.9905767
Sample_BCG_h2#GTATCGCCAGCTACGT-1	4.014073	5.9939237
Sample_BCG_h2#CACAGGGAGCTCGCTT-1	0.41013515	2.2563143
BCG_PBMC_PIE_Pre#TGAGCCGGTTGTTGCT-1	-3.8075755	2.1520545
Sample_BCG_h2#CGCCTGTGTGCTGGTG-1	-3.0315661	2.483753
Sample_BCG_h3#GGCTAGACACCAGCAT-1	5.387922	5.1320753
Sample_BCG_h2#AACTCACAGTGATTCA-1	-1.9893574	-0.27440688
Sample_BCG_h4#AAGCGAATCATAATCG-1	-1.0901588	1.44081
BCG_PBMC_PIE_Post_1#ATGTTTGAGTCATCCC-1	-0.53773767	2.8682787
BCG_PBMC_PIE_Post_2#GCGCTAGGTGCGCAAT-1	0.21132544	0.471687
BCG_PBMC_PIE_Post_1#GCTCTGGCAGCTAATT-1	-2.0012295	3.536209
Sample_BCG_h2#ATTGAAGCAACAGCCT-1	-0.4315322	2.6163623
BCG_PBMC_PIE_Post_2#AATAGAGGTCATCAAG-1	0.7155899	1.3274451
BCG_PBMC_PIE_Post_1#AGAGAAGCATAAGGAC-1	1.0557894	2.153962
BCG_PBMC_PIE_Pre#CACCTCAGTGAGACTC-1	-3.7478032	0.5112455
Sample_BCG_h4#TATGGGCGTTAACGGC-1	-3.3502455	0.7081046
Sample_BCG_h2#TCTAGCGAGTTAGTTG-1	-3.0766118	1.0695497
BCG_PBMC_PIE_Pre#GTTCACCTCACATTGA-1	-6.0373316	3.8020084
BCG_PBMC_PIE_Post_1#CCGGTTAAGGTTACGT-1	5.38556	7.58493
BCG_PBMC_PIE_Pre#TGAGTGAAGAAGCTAG-1	-2.7513425	2.874774
BCG_PBMC_PIE_Post_1#GACATAGAGCACTAGT-1	-3.4187539	3.3685331
BCG_PBMC_PIE_Post_2#CTTCAGGAGTACCGCA-1	5.572934	6.5295286
Sample_BCG_h1#ACAGGTAAGTAAGAAC-1	-1.8555255	0.538031
BCG_PBMC_PIE_Post_1#ACAGCCGGTCGACTAA-1	-0.4948539	2.4171987
Sample_BCG_h4#GGGATAATCAGGCCTA-1	-3.241206	3.4031584
BCG_PBMC_PIE_Post_1#CCTTAACGTTGGGTTA-1	-2.6148317	-0.775569
Sample_BCG_h2#CTGTACCTCAATTACG-1	-2.289559	3.7668087
Sample_BCG_h4#GTCCAAGTCAACCAAC-1	-1.1417065	2.065122
BCG_PBMC_PIE_Post_2#GTGCAAGCACCGTTCC-1	0.64391917	0.44450936
Sample_BCG_h4#ACGCCTAAGCATTAGC-1	5.7900085	4.201648
Sample_BCG_h4#ACTAATCCAGCTAATT-1	5.6843443	4.5516105
BCG_PBMC_PIE_Post_1#AGCAATTGTGATGAGG-1	5.9469624	7.7062187
Sample_BCG_h4#TCACGGATCCAATTAG-1	6.301426	4.6122355
Sample_BCG_h4#CAGAACCGTAATGACT-1	4.263581	4.924399
Sample_BCG_h4#CCTAAATCAGGTCCTG-1	-0.3726755	1.0734888
Sample_BCG_h4#GTTGTTGCATAAAGCA-1	6.164457	5.2830753
Sample_BCG_h2#CGTTTGGAGACAAGTG-1	-4.9036717	4.8823223
BCG_PBMC_PIE_Post_1#TTCGTTAGTTTGGCTT-1	-2.5815053	-0.75934166
BCG_PBMC_PIE_Post_2#TGACCAAGTTGCTGGG-1	-5.059098	1.5894828
BCG_PBMC_PIE_Pre#CTCATGCTCACTTTAC-1	-4.21682	2.6426985
BCG_PBMC_PIE_Post_1#CACATGCCATGTCAGC-1	-0.5358255	5.5098085
BCG_PBMC_PIE_Post_1#TCCACAACAGCAAGTG-1	-1.5394634	3.1838262
Sample_BCG_h4#CACAGGCTCCGCTAGA-1	-0.8704643	0.68717796
Sample_BCG_h1#AATGGCGCATTGCGAC-1	-5.445123	3.5590436
BCG_PBMC_PIE_Post_2#AATTGTGTCCAAACAC-1	-0.7197976	0.19536527
BCG_PBMC_PIE_Post_1#TGATGAACAGCAACCT-1	-0.6378928	3.2269852
Sample_BCG_h4#ATGACGAAGGGACGCA-1	-5.2721744	3.8622112
Sample_BCG_h4#TAGCCTTGTTAATGCG-1	1.0065577	1.6896882
BCG_PBMC_PIE_Post_1#TCATTACTCTTCAATC-1	0.7603572	0.6934254
BCG_PBMC_PIE_Post_1#CCTTCGTAGCGATACT-1	-1.0517145	0.56336987
Sample_BCG_h4#GTTCCTGGTTACAACG-1	-2.6075194	2.9730687
Sample_BCG_h4#CCTGACTTCATAACGC-1	-1.8940922	2.9359787
BCG_PBMC_PIE_Post_1#CTTACCTCATTAAGTC-1	6.7399826	5.994482
Sample_BCG_h2#AGATGAAGTGATCAGC-1	-3.4851444	2.996861
Sample_BCG_h4#AGAAACCCAGAACCGA-1	5.1201525	5.37533
BCG_PBMC_PIE_Pre#GTGAATCTCATTACGA-1	-1.0720556	-0.28858447
Sample_BCG_h2#GGATACTTCAGGCTAT-1	5.60712	5.806134
Sample_BCG_h4#TGGTCAAGTGAGCACT-1	-4.66199	5.1314464
BCG_PBMC_PIE_Post_1#GACACCGGTCAATACG-1	1.3769199	4.2367396
BCG_PBMC_PIE_Pre#CTCATGACAATAACCT-1	-1.9042813	-0.52881974
Sample_BCG_h4#TGCTCACTCTCCATAT-1	-2.5222611	2.4656231
Sample_BCG_h2#GCTAACAGTGTAACCA-1	-1.7423674	1.0865396
BCG_PBMC_PIE_Post_1#CTAGCTTGTTTGGTTC-1	-0.6065595	2.305985
BCG_PBMC_PIE_Pre#TTATGACCAAGGTCGA-1	5.9573026	6.2851276
BCG_PBMC_PIE_Post_2#CTACGAAGTCTTACTA-1	5.5431643	7.562437
Sample_BCG_h4#CAGCATGTCGCATCCT-1	-4.080554	3.227309
BCG_pre_PBMC#CCTGGTAAGTTAGTGC-1	-0.4482298	1.25452
Sample_BCG_h2#TTAGCAATCTATTGTC-1	-1.6205653	1.4806992
Sample_BCG_h2#CCTCAAACATTAGCCA-1	0.12776424	1.6292448
Sample_BCG_h4#GTGCATTAGTATCGCG-1	-3.4390469	2.109209
BCG_PBMC_PIE_Post_2#GTTAAGTGTTATCCGT-1	-4.8184476	4.859523
BCG_PBMC_PIE_Pre#CTCTTGATCTAAATCG-1	-3.8333547	3.089524
Sample_BCG_h4#TGCTTCCAGCTACTGG-1	-4.2952514	1.7623308
Sample_BCG_h3#ATGGCTAGTTTAGTCC-1	1.5316321	5.710819
Sample_BCG_h4#ACTGAATGTTTGCTGT-1	-1.1278749	2.686361
BCG_PBMC_PIE_Post_1#TGCACTTGTGATGAGG-1	4.3260326	6.7739873
Sample_BCG_h4#GCGGGTTTCCTTAGGG-1	-3.2359793	3.0046914
BCG_PBMC_PIE_Post_1#ACGTTACAGTCATTGA-1	-1.812644	-0.57581204
Sample_BCG_h4#TACTAAGTCGGTTACG-1	-4.257649	2.028835
Sample_BCG_h4#TAAGTAGCAATATACC-1	-3.6707616	1.6745033
Sample_BCG_h4#CATGGATTCGTTTCGC-1	5.7042456	6.0403214
BCG_PBMC_PIE_Post_2#GACATTATCGTTTCGC-1	-2.9364967	0.058017995
Sample_BCG_h2#GGCAGGATCAGGAACA-1	-1.38863	1.3243443
Sample_BCG_h4#GTCCAAGTCACTCGCT-1	0.90498286	2.7229888
BCG_PBMC_PIE_Post_2#CTCATGACACGGTTTA-1	5.36995	5.7094812
Sample_BCG_h2#CTAAGGTTCATTACGA-1	-4.237745	3.1508818
Sample_BCG_h3#CGTGTTACAGGCTTCG-1	-0.683643	1.1484689
BCG_post_PBMC#TGTGCTGAGCAAGGTA-1	0.7600759	3.1381724
Sample_BCG_h4#ACAACACTCGCAAACT-1	5.9465637	5.0781274
BCG_PBMC_PIE_Pre#GGATATTGTTAGGTGC-1	-4.746787	4.575999
BCG_PBMC_PIE_Post_1#TCATGAGGTTTATCTG-1	-5.2221017	1.249774
Sample_BCG_h2#AATTGGACATGCAACC-1	-4.272199	2.951019
Sample_BCG_h2#AACGCCCAGTGAGGTA-1	0.92421097	1.5469276
Sample_BCG_h4#ACCTCACTCCTAAATG-1	4.6015954	5.203147
BCG_PBMC_PIE_Post_2#TGGTCCTTCAAGCTAC-1	-1.4676322	-0.23904924
Sample_BCG_h2#CATAGACTCATCCACC-1	1.6290699	3.5532234
BCG_PBMC_PIE_Post_1#CGGGACAAGGTCCTGA-1	-1.496646	4.0684133
Sample_BCG_h2#TCATGTTTCGGTTTCC-1	0.26783594	5.165297
BCG_PBMC_PIE_Post_1#GACCGAACACTCAACA-1	-4.729461	5.9920096
Sample_BCG_h4#AGAGAAGCAATAAGCA-1	-4.656065	2.7446434
BCG_PBMC_PIE_Pre#GTGAGGAGTTAGGCTA-1	5.8842173	6.0046577
Sample_BCG_h4#TGACTCCTCCTGCGAA-1	-4.027876	1.700744
Sample_BCG_h4#ACTTGCACATGTCAGC-1	5.4141817	5.33735
Sample_BCG_h4#GGTTTAATCAGCAAGA-1	0.020365227	5.459122
Sample_BCG_h4#ATCACTAAGACACCGC-1	-1.8104948	2.8526037
Sample_BCG_h4#CTTGCAACAGCCTGCA-1	-1.0161968	2.8716238
Sample_BCG_h1#CTAGGCGGTTCACCCA-1	-3.8275979	0.8191526
Sample_BCG_h2#CTTGCAACAGTCTATG-1	-3.7422411	2.6817749
Sample_BCG_h4#GGGTTTCCAGCACGTT-1	-1.8419439	2.2397752
BCG_PBMC_PIE_Post_1#CTCCATCAGAAGGTGC-1	-4.686961	0.9519669
BCG_PBMC_PIE_Post_1#AGTGGACAGCCTGACA-1	-3.1577075	4.45167
Sample_BCG_h2#GTTTCCTCATCCCTCA-1	1.6209909	2.4144044
Sample_BCG_h1#TTGGTGAGTTAAGCCA-1	5.195456	5.7978544
BCG_PBMC_PIE_Post_2#CCCGCTTCAGGCCATT-1	-3.4530542	-0.5477378
Sample_BCG_h4#CAAACCGTCCCTCACG-1	-0.0052062455	1.560293
BCG_PBMC_PIE_Pre#CTATTGAAGTCACTAA-1	0.8336248	2.5993927
Sample_BCG_h2#AGCGTGCTCATGCGTG-1	-1.8380395	1.2737858
Sample_BCG_h4#AGAAACCCAACTCGCG-1	4.145615	5.2473774
BCG_PBMC_PIE_Post_1#GCTAAGAAGGATTGCT-1	-4.639747	1.0163326
Sample_BCG_h4#CTAAGGTTCCATAATG-1	-4.5139403	2.2412367
Sample_BCG_h4#ACGTTGTAGTGAAGTG-1	-2.8511136	0.37325114
Sample_BCG_h3#AAACCGCGTGCTGGTG-1	-4.654425	0.8399082
Sample_BCG_h1#AGTCGCATCCTACCTA-1	-3.5078957	4.37173
Sample_BCG_h4#AGTAACGAGGGCCACT-1	-0.9129438	1.525591
Sample_BCG_h1#TCGTTACGTCCTTCTC-1	-1.515898	2.8013675
Sample_BCG_h2#AGGCGGATCAGCACCA-1	-2.6507483	1.6639671
Sample_BCG_h2#CCGTGCTGTCTTGCAT-1	-1.4683056	1.4646716
Sample_BCG_h1#AGAAGGTGTGCATTAG-1	6.1849184	5.066093
Sample_BCG_h2#AAGCGAATCTCGACCT-1	-4.950679	6.7203727
Sample_BCG_h4#ATCATCAAGTGAGAGC-1	4.428297	6.6425004
BCG_PBMC_PIE_Post_2#ATGCCTGAGTTTGCGG-1	5.6583633	5.810508
BCG_PBMC_PIE_Post_1#CACTTAAAGGCATGTT-1	-5.1072197	0.57450193
BCG_PBMC_PIE_Post_2#TGGTCAGTCCTTTACG-1	-5.6829424	2.0204253
BCG_post_PBMC#GTAAGCTTCACTAGGT-1	-4.428914	4.240601
Sample_BCG_h4#ACAGCCGGTTCCTGAT-1	-1.2169603	3.200943
BCG_PBMC_PIE_Post_1#GCAGCTATCATGGCTG-1	6.4697866	6.3140664
BCG_PBMC_PIE_Post_1#TTGTCCATCCAAGTTA-1	-2.8378432	-0.89468396
Sample_BCG_h4#AGGATGCAGTCATTGA-1	-2.9118636	0.94244254
Sample_BCG_h4#CGCGATTCAGCTAACC-1	0.52564764	1.3022666
Sample_BCG_h4#GTTTATCTCTTAATGG-1	6.3120265	4.4303727
Sample_BCG_h4#ACCGAAGCAACAGGTG-1	5.8407025	3.9535902
Sample_BCG_h4#CTTCACTCATGTTGCA-1	0.040193263	4.904821
BCG_PBMC_PIE_Post_1#GAACTTATCGTTATAG-1	5.5580397	6.760116
Sample_BCG_h1#GGACGAAGTTCGCTTG-1	-2.7143483	2.1666996
Sample_BCG_h4#ATCGCTTGTAGGATCC-1	4.6107507	6.103249
Sample_BCG_h2#GTTCGCTTCCCTGTTA-1	-4.7157817	4.389185
Sample_BCG_h2#GGATGTAAGGAATAAC-1	-2.7899168	1.6695489
BCG_PBMC_PIE_Post_2#TTTGACTTCAGAAACG-1	-5.608688	1.5168896
Sample_BCG_h2#ACTCACCTCGTTATAG-1	-1.583266	1.1305314
Sample_BCG_h4#GCGAGTGAGCTTTGTT-1	-2.7281609	3.740684
BCG_PBMC_PIE_Post_1#ACAACATGTGCATTAG-1	-6.793772	4.247086
BCG_PBMC_PIE_Pre#AGAATCGAGTTTCCGC-1	6.7593317	5.661757
BCG_PBMC_PIE_Post_1#GCTATAGGTAGGTGTC-1	-4.5065546	0.99849707
BCG_PBMC_PIE_Post_2#AACAGATAGGGATTAG-1	1.5749216	4.718249
BCG_PBMC_PIE_Post_1#GGACAGCCACAACCTA-1	-1.4531643	0.015263153
Sample_BCG_h2#GTTTAGCAGCTGTAAC-1	5.7481155	5.81227
BCG_PBMC_PIE_Pre#CCTAGTTGTTCACCCA-1	-1.209819	-0.6154232
Sample_BCG_h1#CTTCAGGAGTGAACAG-1	1.70011	1.8158627
Sample_BCG_h4#ATGGACAAGCCATCAG-1	0.32856226	5.242258
BCG_PBMC_PIE_Post_1#GCTGCACAGGGCCATC-1	-1.6312875	0.39438
Sample_BCG_h2#GCTAGCGGTGATCATG-1	-0.2898956	4.9798455
Sample_BCG_h4#AGTCTTGCACCTAATG-1	1.37779	5.4196353
Sample_BCG_h3#CGATCCTTCCGCATGA-1	-0.07295888	3.812626
Sample_BCG_h4#GGGCGAATCCGGTATG-1	0.31035525	3.2541873
BCG_PBMC_PIE_Pre#GTCGGTTCATAGTCAT-1	-2.3092203	2.485386
BCG_PBMC_PIE_Post_1#GTGCTCCGTGCTAGAC-1	4.294797	7.0914884
Sample_BCG_h2#ATAGCATGTTAATGAC-1	-2.1110013	1.9319669
Sample_BCG_h3#CTAGCTTGTCATGCAA-1	-5.294181	4.885624
BCG_PBMC_PIE_Post_1#TATAGGTGTACAAAGA-1	-5.5161967	1.9361279
BCG_PBMC_PIE_Post_1#CGCTTAACAGGCATCT-1	-6.3105564	4.786737
BCG_PBMC_PIE_Post_1#GTTTAGCAGCACGATT-1	5.53626	7.7751513
